index_id	pc	cn	hi	pi	upi
1	1.0	0	0	0.0000	0.0000
10	47.0	67	3	12.2500	19.9959
100	1.0	2	1	1.0000	1.5000
1000	1.0	0	0	0.0000	0.0000
10000	1.0	1	1	1.0000	1.0000
100000	1.0	0	0	0.0000	0.0000
100001	1.0	0	0	0.0000	0.0000
100002	2.0	0	0	0.0000	0.0000
100003	7.0	6	2	1.5833	2.4653
100004	1.0	0	0	0.0000	0.0000
100005	1.0	0	0	0.0000	0.0000
100006	1.0	0	0	0.0000	0.0000
100007	3.0	0	0	0.0000	0.0000
100008	1.0	0	0	0.0000	0.0000
100009	4.0	15	2	5.5000	3.5833
10001	1.0	0	0	0.0000	0.0000
100010	1.0	0	0	0.0000	0.0000
100011	1.0	0	0	0.0000	0.0000
100012	1.0	1	1	0.2500	0.1458
100013	1.0	0	0	0.0000	0.0000
100014	4.0	3	1	0.9167	1.7431
100015	1.0	0	0	0.0000	0.0000
100016	1.0	0	0	0.0000	0.0000
100017	1.0	1	1	0.3333	0.6111
100018	1.0	0	0	0.0000	0.0000
100019	2.0	0	0	0.0000	0.0000
10002	1.0	0	0	0.0000	0.0000
100020	2.0	0	0	0.0000	0.0000
100021	1.0	0	0	0.0000	0.0000
100022	4.0	2	1	1.3333	1.6111
100023	1.0	0	0	0.0000	0.0000
100024	1.0	0	0	0.0000	0.0000
100025	1.0	0	0	0.0000	0.0000
100026	1.0	0	0	0.0000	0.0000
100027	1.0	0	0	0.0000	0.0000
100028	1.0	0	0	0.0000	0.0000
100029	1.0	1	1	1.0000	1.0000
10003	1.0	6	1	2.0000	0.6667
100030	9.0	8	2	2.0167	1.5631
100031	3.0	0	0	0.0000	0.0000
100032	1.0	0	0	0.0000	0.0000
100033	3.0	1	1	0.2000	0.0900
100034	3.0	0	0	0.0000	0.0000
100035	1.0	0	0	0.0000	0.0000
100036	1.0	0	0	0.0000	0.0000
100037	1.0	1	1	0.2000	0.1567
100038	1.0	0	0	0.0000	0.0000
100039	3.0	0	0	0.0000	0.0000
10004	2.0	34	0	17.0000	8.5000
100040	1.0	0	0	0.0000	0.0000
100041	1.0	0	0	0.0000	0.0000
100042	3.0	2	1	0.3333	0.3167
100043	1.0	0	0	0.0000	0.0000
100044	1.0	9	1	1.5000	0.9250
100045	4.0	7	1	1.7500	1.8958
100046	1.0	0	0	0.0000	0.0000
100047	7.0	10	2	3.5000	1.5833
100048	1.0	0	0	0.0000	0.0000
100049	1.0	0	0	0.0000	0.0000
10005	5.0	7	1	6.2500	6.5208
100050	1.0	0	0	0.0000	0.0000
100051	1.0	0	0	0.0000	0.0000
100052	4.0	2	1	1.0000	0.5000
100053	1.0	1	1	0.2000	0.0400
100054	1.0	0	0	0.0000	0.0000
100055	1.0	1	1	0.3333	0.1111
100056	2.0	0	0	0.0000	0.0000
100057	2.0	0	0	0.0000	0.0000
100058	1.0	0	0	0.0000	0.0000
100059	1.0	0	0	0.0000	0.0000
10006	1.0	0	0	0.0000	0.0000
100060	1.0	0	0	0.0000	0.0000
100061	1.0	0	0	0.0000	0.0000
100062	2.0	5	1	1.6667	3.0556
100063	1.0	1	1	0.5000	0.7500
100064	6.0	27	2	7.6444	4.2195
100065	1.0	0	0	0.0000	0.0000
100066	2.0	0	0	0.0000	0.0000
100067	2.0	11	0	4.8333	6.3611
100068	4.0	3	1	0.7000	0.9289
100069	2.0	8	0	1.5000	1.5083
10007	1.0	0	0	0.0000	0.0000
100070	1.0	0	0	0.0000	0.0000
100071	1.0	1	1	0.2000	0.0900
100072	1.0	0	0	0.0000	0.0000
100073	1.0	0	0	0.0000	0.0000
100074	1.0	0	0	0.0000	0.0000
100075	1.0	0	0	0.0000	0.0000
100076	1.0	1	1	0.2000	0.2567
100077	1.0	0	0	0.0000	0.0000
100078	1.0	0	0	0.0000	0.0000
100079	1.0	0	0	0.0000	0.0000
10008	1.0	0	0	0.0000	0.0000
100080	1.0	1	1	0.3333	0.2778
100081	1.0	0	0	0.0000	0.0000
100082	1.0	9	1	3.0000	1.0000
100083	1.0	0	0	0.0000	0.0000
100084	1.0	0	0	0.0000	0.0000
100085	1.0	1	1	0.2000	0.4567
100086	1.0	0	0	0.0000	0.0000
100087	2.0	0	0	0.0000	0.0000
100088	3.0	1	1	0.3333	0.6111
100089	2.0	3	1	0.6111	0.5540
10009	1.0	6	1	2.0000	0.6667
100090	2.0	1	1	0.3333	0.6111
100091	2.0	0	0	0.0000	0.0000
100092	5.0	11	2	2.4667	2.2989
100093	1.0	1	1	0.2500	0.2708
100094	5.0	1	1	0.3333	0.2778
100095	1.0	0	0	0.0000	0.0000
100096	1.0	0	0	0.0000	0.0000
100097	1.0	0	0	0.0000	0.0000
100098	5.0	0	0	0.0000	0.0000
100099	1.0	0	0	0.0000	0.0000
1001	1.0	0	0	0.0000	0.0000
10010	1.0	0	0	0.0000	0.0000
100100	1.0	0	0	0.0000	0.0000
100101	2.0	0	0	0.0000	0.0000
100102	1.0	1	1	0.3333	0.2778
100103	1.0	0	0	0.0000	0.0000
100104	1.0	1	1	0.2000	0.2567
100105	1.0	0	0	0.0000	0.0000
100106	6.0	0	0	0.0000	0.0000
100107	1.0	8	1	0.8889	0.6628
100108	1.0	0	0	0.0000	0.0000
100109	1.0	3	1	1.0000	0.3333
10011	1.0	0	0	0.0000	0.0000
100110	1.0	0	0	0.0000	0.0000
100111	1.0	0	0	0.0000	0.0000
100112	22.0	38	3	11.6667	19.5500
100113	1.0	0	0	0.0000	0.0000
100114	3.0	3	1	1.1667	0.8056
100115	1.0	0	0	0.0000	0.0000
100116	1.0	0	0	0.0000	0.0000
100117	1.0	0	0	0.0000	0.0000
100118	1.0	0	0	0.0000	0.0000
100119	1.0	1	1	0.3333	0.6111
10012	3.0	5	1	1.6667	1.3889
100120	4.0	2	1	0.5000	1.0417
100121	1.0	0	0	0.0000	0.0000
100122	1.0	0	0	0.0000	0.0000
100123	1.0	3	1	1.0000	0.3333
100124	5.0	1	1	0.3333	0.6111
100125	1.0	18	1	2.5714	0.7959
100126	1.0	0	0	0.0000	0.0000
100127	1.0	1	1	1.0000	1.0000
100128	1.0	0	0	0.0000	0.0000
100129	1.0	0	0	0.0000	0.0000
10013	1.0	0	0	0.0000	0.0000
100130	1.0	0	0	0.0000	0.0000
100131	1.0	0	0	0.0000	0.0000
100132	2.0	6	1	1.5000	0.8750
100133	1.0	0	0	0.0000	0.0000
100134	1.0	0	0	0.0000	0.0000
100135	1.0	0	0	0.0000	0.0000
100136	1.0	0	0	0.0000	0.0000
100137	5.0	3	1	0.4722	0.3671
100138	1.0	0	0	0.0000	0.0000
100139	4.0	0	0	0.0000	0.0000
10014	1.0	0	0	0.0000	0.0000
100140	17.0	19	3	10.0000	5.8333
100141	2.0	33	1	6.5667	1.3828
100142	2.0	0	0	0.0000	0.0000
100143	1.0	0	0	0.0000	0.0000
100144	1.0	0	0	0.0000	0.0000
100145	1.0	0	0	0.0000	0.0000
100146	1.0	0	0	0.0000	0.0000
100147	1.0	0	0	0.0000	0.0000
100148	1.0	0	0	0.0000	0.0000
100149	1.0	0	0	0.0000	0.0000
10015	1.0	1	1	0.3333	0.6111
100150	1.0	0	0	0.0000	0.0000
100151	1.0	0	0	0.0000	0.0000
100152	1.0	0	0	0.0000	0.0000
100153	1.0	0	0	0.0000	0.0000
100154	1.0	1	1	0.2000	0.1567
100155	1.0	0	0	0.0000	0.0000
100156	1.0	1	1	0.3333	0.2778
100157	2.0	0	0	0.0000	0.0000
100158	1.0	4	1	0.8000	0.3600
100159	1.0	2	1	0.3333	0.2056
10016	1.0	0	0	0.0000	0.0000
100160	4.0	1	1	0.3333	0.6111
100161	2.0	0	0	0.0000	0.0000
100162	1.0	0	0	0.0000	0.0000
100163	1.0	1	1	0.3333	0.2778
100164	2.0	1	1	0.3333	0.6111
100165	2.0	0	0	0.0000	0.0000
100166	3.0	6	2	1.3500	2.9325
100167	1.0	0	0	0.0000	0.0000
100168	1.0	5	1	1.2500	1.3542
100169	1.0	0	0	0.0000	0.0000
10017	12.0	17	3	17.0000	17.0000
100170	2.0	2	1	0.6667	0.5556
100171	1.0	0	0	0.0000	0.0000
100172	1.0	0	0	0.0000	0.0000
100173	1.0	0	0	0.0000	0.0000
100174	15.0	85	6	37.6708	43.8296
100175	1.0	0	0	0.0000	0.0000
100176	2.0	4	1	0.1081	0.0505
100177	1.0	14	1	2.8000	1.2600
100178	1.0	1	1	0.3333	0.1111
100179	1.0	0	0	0.0000	0.0000
10018	1.0	0	0	0.0000	0.0000
100180	1.0	0	0	0.0000	0.0000
100181	1.0	0	0	0.0000	0.0000
100182	1.0	0	0	0.0000	0.0000
100183	1.0	1	1	0.2500	0.2708
100184	1.0	0	0	0.0000	0.0000
100185	1.0	1	1	0.3333	0.2778
100186	5.0	64	2	18.2500	33.6458
100187	1.0	0	0	0.0000	0.0000
100188	1.0	0	0	0.0000	0.0000
100189	14.0	10	2	2.4333	2.0478
10019	6.0	0	0	0.0000	0.0000
100190	2.0	0	0	0.0000	0.0000
100191	1.0	66	1	8.2500	2.2098
100192	1.0	1	1	0.3333	0.2778
100193	2.0	0	0	0.0000	0.0000
100194	1.0	0	0	0.0000	0.0000
100195	1.0	0	0	0.0000	0.0000
100196	1.0	0	0	0.0000	0.0000
100197	1.0	0	0	0.0000	0.0000
100198	1.0	0	0	0.0000	0.0000
100199	1.0	0	0	0.0000	0.0000
1002	3.0	1	1	0.1667	0.2417
10020	1.0	0	0	0.0000	0.0000
100200	2.0	3	1	0.7500	1.5625
100201	1.0	0	0	0.0000	0.0000
100202	1.0	0	0	0.0000	0.0000
100203	1.0	0	0	0.0000	0.0000
100204	3.0	0	0	0.0000	0.0000
100205	1.0	0	0	0.0000	0.0000
100206	1.0	0	0	0.0000	0.0000
100207	2.0	2	1	1.0000	1.5000
100208	1.0	0	0	0.0000	0.0000
100209	1.0	0	0	0.0000	0.0000
10021	1.0	0	0	0.0000	0.0000
100210	5.0	1	1	0.3333	0.2778
100211	1.0	0	0	0.0000	0.0000
100212	1.0	0	0	0.0000	0.0000
100213	1.0	0	0	0.0000	0.0000
100214	28.0	43	2	20.5000	15.5417
100215	1.0	0	0	0.0000	0.0000
100216	12.0	483	7	151.1333	245.6628
100217	1.0	0	0	0.0000	0.0000
100218	1.0	0	0	0.0000	0.0000
100219	1.0	0	0	0.0000	0.0000
10022	24.0	84	5	73.6095	70.5854
100220	7.0	51	4	14.2183	23.7133
100221	1.0	0	0	0.0000	0.0000
100222	1.0	0	0	0.0000	0.0000
100223	2.0	8	0	1.4333	1.6756
100224	1.0	0	0	0.0000	0.0000
100225	1.0	8	1	2.6667	4.8889
100226	1.0	0	0	0.0000	0.0000
100227	5.0	1	1	0.3333	0.2778
100228	4.0	0	0	0.0000	0.0000
100229	7.0	4	1	0.8500	0.4158
10023	1.0	0	0	0.0000	0.0000
100230	5.0	5	2	1.7500	2.5625
100231	1.0	0	0	0.0000	0.0000
100232	8.0	2	1	0.5833	0.6319
100233	1.0	10	1	10.0000	10.0000
100234	1.0	0	0	0.0000	0.0000
100235	2.0	0	0	0.0000	0.0000
100236	2.0	2	1	1.0000	1.5000
100237	1.0	0	0	0.0000	0.0000
100238	1.0	0	0	0.0000	0.0000
100239	1.0	0	0	0.0000	0.0000
10024	2.0	0	0	0.0000	0.0000
100240	1.0	0	0	0.0000	0.0000
100241	1.0	0	0	0.0000	0.0000
100242	6.0	3	1	1.0000	0.5000
100243	2.0	1	1	0.3333	0.2778
100244	1.0	0	0	0.0000	0.0000
100245	1.0	0	0	0.0000	0.0000
100246	1.0	6	1	0.7500	0.3259
100247	1.0	0	0	0.0000	0.0000
100248	1.0	0	0	0.0000	0.0000
100249	1.0	0	0	0.0000	0.0000
10025	1.0	14	1	2.0000	2.1857
100250	2.0	6	0	1.5000	1.6250
100251	5.0	1	1	0.5000	0.7500
100252	1.0	0	0	0.0000	0.0000
100253	2.0	9	1	1.8000	4.1100
100254	1.0	13	1	4.3333	3.6111
100255	9.0	17	2	4.4857	3.7737
100256	1.0	0	0	0.0000	0.0000
100257	3.0	4	1	0.8000	0.5267
100258	34.0	55	4	46.0000	46.3750
100259	1.0	0	0	0.0000	0.0000
10026	1.0	2	1	0.4000	0.1800
100260	3.0	1	1	0.5000	0.7500
100261	4.0	3	1	1.0000	0.3333
100262	1.0	0	0	0.0000	0.0000
100263	11.0	5	1	1.8333	3.1944
100264	1.0	12	1	4.0000	3.3333
100265	8.0	25	2	10.0167	12.8297
100266	2.0	1	1	0.3333	0.1111
100267	1.0	0	0	0.0000	0.0000
100268	1.0	0	0	0.0000	0.0000
100269	15.0	104	6	45.0833	46.7387
10027	1.0	0	0	0.0000	0.0000
100270	1.0	5	1	1.6667	1.3889
100271	1.0	0	0	0.0000	0.0000
100272	1.0	7	1	1.7500	1.8958
100273	2.0	0	0	0.0000	0.0000
100274	2.0	1	1	0.2500	0.5208
100275	1.0	1	1	0.1250	0.0156
100276	1.0	0	0	0.0000	0.0000
100277	1.0	0	0	0.0000	0.0000
100278	1.0	0	0	0.0000	0.0000
100279	2.0	0	0	0.0000	0.0000
10028	1.0	0	0	0.0000	0.0000
100280	1.0	2	1	0.3333	0.4833
100281	1.0	0	0	0.0000	0.0000
100282	1.0	0	0	0.0000	0.0000
100283	1.0	0	0	0.0000	0.0000
100284	3.0	4	1	1.2000	1.0900
100285	2.0	1	1	0.2500	0.1458
100286	1.0	0	0	0.0000	0.0000
100287	1.0	0	0	0.0000	0.0000
100288	3.0	8	2	4.0000	6.0000
100289	1.0	2	1	1.0000	1.5000
10029	1.0	0	0	0.0000	0.0000
100290	4.0	0	0	0.0000	0.0000
100291	1.0	1	1	0.3333	0.1111
100292	1.0	0	0	0.0000	0.0000
100293	9.0	1	1	0.2500	0.0625
100294	1.0	1	1	0.5000	0.7500
100295	1.0	3	1	3.0000	3.0000
100296	57.0	1030	16	206.2464	278.3268
100297	1.0	18	1	3.6000	0.7200
100298	2.0	0	0	0.0000	0.0000
100299	1.0	0	0	0.0000	0.0000
1003	2.0	1	1	0.5000	0.7500
10030	1.0	1	1	0.1429	0.0204
100300	1.0	0	0	0.0000	0.0000
100301	2.0	0	0	0.0000	0.0000
100302	1.0	0	0	0.0000	0.0000
100303	1.0	0	0	0.0000	0.0000
100304	1.0	6	1	1.2000	0.2400
100305	1.0	0	0	0.0000	0.0000
100306	1.0	0	0	0.0000	0.0000
100307	1.0	2	1	1.0000	1.5000
100308	1.0	0	0	0.0000	0.0000
100309	1.0	0	0	0.0000	0.0000
10031	1.0	4	1	0.8000	0.3600
100310	37.0	229	8	79.3833	61.7161
100311	3.0	2	1	0.5000	0.5417
100312	2.0	1	1	0.3333	0.2778
100313	23.0	272	9	171.5000	190.3083
100314	1.0	0	0	0.0000	0.0000
100315	1.0	0	0	0.0000	0.0000
100316	1.0	4	1	2.0000	1.0000
100317	1.0	0	0	0.0000	0.0000
100318	6.0	1	1	0.2000	0.0400
100319	1.0	0	0	0.0000	0.0000
10032	1.0	0	0	0.0000	0.0000
100320	3.0	0	0	0.0000	0.0000
100321	1.0	1	1	0.3333	0.1111
100322	1.0	0	0	0.0000	0.0000
100323	15.0	108	6	49.5000	44.7500
100324	1.0	0	0	0.0000	0.0000
100325	1.0	0	0	0.0000	0.0000
100326	1.0	1	1	0.3333	0.1111
100327	20.0	84	6	63.0000	66.0000
100328	1.0	0	0	0.0000	0.0000
100329	3.0	3	1	0.5000	0.7250
10033	3.0	9	2	3.3333	4.4444
100330	4.0	3	1	0.5000	0.4503
100331	1.0	3	1	1.0000	0.3333
100332	1.0	0	0	0.0000	0.0000
100333	1.0	0	0	0.0000	0.0000
100334	1.0	0	0	0.0000	0.0000
100335	1.0	1	1	0.3333	0.2778
100336	1.0	0	0	0.0000	0.0000
100337	1.0	0	0	0.0000	0.0000
100338	1.0	0	0	0.0000	0.0000
100339	1.0	0	0	0.0000	0.0000
10034	1.0	0	0	0.0000	0.0000
100340	3.0	21	2	4.2000	6.1900
100341	1.0	0	0	0.0000	0.0000
100342	1.0	0	0	0.0000	0.0000
100343	1.0	0	0	0.0000	0.0000
100344	3.0	0	0	0.0000	0.0000
100345	1.0	4	1	1.3333	2.4444
100346	2.0	2	1	1.5000	1.7500
100347	1.0	5	1	1.6667	0.5556
100348	4.0	5	1	4.2500	4.5208
100349	1.0	1	1	0.5000	0.7500
10035	1.0	0	0	0.0000	0.0000
100350	1.0	5	1	2.5000	3.7500
100351	1.0	0	0	0.0000	0.0000
100352	1.0	17	1	17.0000	17.0000
100353	1.0	0	0	0.0000	0.0000
100354	1.0	0	0	0.0000	0.0000
100355	1.0	0	0	0.0000	0.0000
100356	1.0	0	0	0.0000	0.0000
100357	1.0	0	0	0.0000	0.0000
100358	5.0	13	2	3.5833	1.6736
100359	1.0	0	0	0.0000	0.0000
10036	1.0	0	0	0.0000	0.0000
100360	1.0	0	0	0.0000	0.0000
100361	4.0	3	1	1.0000	1.8333
100362	1.0	0	0	0.0000	0.0000
100363	1.0	1	1	0.5000	0.2500
100364	1.0	1	1	0.1429	0.0728
100365	2.0	0	0	0.0000	0.0000
100366	1.0	2	1	0.6667	0.5556
100367	20.0	22	2	6.4167	5.0764
100368	1.0	0	0	0.0000	0.0000
100369	1.0	0	0	0.0000	0.0000
10037	1.0	0	0	0.0000	0.0000
100370	1.0	0	0	0.0000	0.0000
100371	4.0	2	1	0.5000	0.7694
100372	13.0	22	3	4.6500	2.5104
100373	1.0	0	0	0.0000	0.0000
100374	6.0	0	0	0.0000	0.0000
100375	6.0	22	4	9.0000	9.0000
100376	1.0	1	1	0.2500	0.1458
100377	47.0	118	6	39.2500	22.3958
100378	1.0	0	0	0.0000	0.0000
100379	1.0	0	0	0.0000	0.0000
10038	1.0	0	0	0.0000	0.0000
100380	1.0	0	0	0.0000	0.0000
100381	7.0	14	2	11.6667	11.7222
100382	2.0	4	0	1.0000	2.0833
100383	1.0	34	1	8.5000	2.1250
100384	1.0	0	0	0.0000	0.0000
100385	1.0	15	1	1.3636	0.4118
100386	3.0	13	0	4.3333	3.6111
100387	7.0	46	2	8.8000	18.7600
100388	1.0	1	1	0.1667	0.4083
100389	4.0	2	1	1.0000	1.5000
10039	4.0	2	1	2.0000	2.0000
100390	2.0	0	0	0.0000	0.0000
100391	13.0	30	3	10.5833	14.6319
100392	1.0	0	0	0.0000	0.0000
100393	1.0	3	1	0.7500	0.1875
100394	2.0	2	1	0.6000	0.8929
100395	1.0	0	0	0.0000	0.0000
100396	2.0	5	1	1.3333	2.3611
100397	1.0	5	1	1.6667	1.3889
100398	3.0	4	1	1.7500	2.5208
100399	1.0	0	0	0.0000	0.0000
1004	2.0	1	1	1.0000	1.0000
10040	2.0	0	0	0.0000	0.0000
100400	1.0	0	0	0.0000	0.0000
100401	1.0	3	1	0.7500	0.4375
100402	12.0	8	2	3.1667	1.3056
100403	1.0	7	1	7.0000	7.0000
100404	1.0	0	0	0.0000	0.0000
100405	12.0	0	0	0.0000	0.0000
100406	1.0	1	1	0.5000	0.7500
100407	1.0	0	0	0.0000	0.0000
100408	6.0	3	1	1.1667	1.3056
100409	2.0	10	1	3.3333	2.7778
10041	1.0	0	0	0.0000	0.0000
100410	1.0	0	0	0.0000	0.0000
100411	9.0	70	2	33.0000	50.3333
100412	1.0	1	1	0.5000	0.2500
100413	1.0	0	0	0.0000	0.0000
100414	1.0	0	0	0.0000	0.0000
100415	1.0	0	0	0.0000	0.0000
100416	1.0	0	0	0.0000	0.0000
100417	3.0	1	1	0.0909	0.2745
100418	1.0	0	0	0.0000	0.0000
100419	1.0	0	0	0.0000	0.0000
10042	1.0	1	1	0.2500	0.1458
100420	1.0	4	1	1.0000	1.0833
100421	1.0	0	0	0.0000	0.0000
100422	1.0	5	1	0.4167	0.4249
100423	1.0	0	0	0.0000	0.0000
100424	1.0	0	0	0.0000	0.0000
100425	1.0	2	1	0.2500	0.2211
100426	1.0	1	1	0.5000	0.2500
100427	2.0	0	0	0.0000	0.0000
100428	1.0	2	1	0.5000	0.5417
100429	1.0	0	0	0.0000	0.0000
10043	1.0	0	0	0.0000	0.0000
100430	1.0	1	1	0.1429	0.0442
100431	3.0	9	2	1.1250	1.8076
100432	5.0	7	2	1.2667	1.7811
100433	1.0	0	0	0.0000	0.0000
100434	9.0	9	2	8.5000	8.7500
100435	1.0	0	0	0.0000	0.0000
100436	1.0	2	1	0.3333	0.0556
100437	1.0	0	0	0.0000	0.0000
100438	4.0	4	1	2.0000	3.0000
100439	1.0	0	0	0.0000	0.0000
10044	2.0	1	1	0.0769	0.2446
100440	3.0	5	1	1.6667	1.3889
100441	6.0	2	1	0.6667	0.2222
100442	1.0	1	1	0.1667	0.4083
100443	48.0	255	9	98.1667	60.9722
100444	1.0	0	0	0.0000	0.0000
100445	119.0	1271	17	486.7627	406.0864
100446	1.0	1	1	0.2500	0.5208
100447	1.0	0	0	0.0000	0.0000
100448	13.0	47	3	14.4833	19.6258
100449	34.0	65	5	36.1667	41.2639
10045	1.0	0	0	0.0000	0.0000
100450	1.0	0	0	0.0000	0.0000
100451	2.0	10	0	2.3333	2.5611
100452	19.0	182	9	140.5000	124.7500
100453	1.0	2	1	0.6667	0.5556
100454	1.0	0	0	0.0000	0.0000
100455	1.0	8	1	2.0000	0.5000
100456	1.0	0	0	0.0000	0.0000
100457	1.0	2	1	0.5000	0.2917
100458	4.0	3	1	1.0000	0.5000
100459	7.0	0	0	0.0000	0.0000
10046	1.0	0	0	0.0000	0.0000
100460	1.0	0	0	0.0000	0.0000
100461	1.0	0	0	0.0000	0.0000
100462	1.0	13	1	2.6000	1.1700
100463	1.0	4	1	0.5714	0.6245
100464	2.0	3	1	1.0000	0.8333
100465	5.0	14	2	6.5000	6.4167
100466	1.0	0	0	0.0000	0.0000
100467	1.0	2	1	0.4000	0.3133
100468	1.0	1	1	0.5000	0.7500
100469	4.0	6	2	2.5000	2.5833
10047	2.0	7	0	2.0000	0.9167
100470	3.0	4	1	1.3333	2.4444
100471	25.0	82	5	24.3111	27.9506
100472	3.0	7	2	1.9167	0.8681
100473	1.0	0	0	0.0000	0.0000
100474	1.0	0	0	0.0000	0.0000
100475	1.0	2	1	1.0000	0.5000
100476	1.0	0	0	0.0000	0.0000
100477	2.0	2	1	1.0000	0.5000
100478	1.0	0	0	0.0000	0.0000
100479	4.0	17	3	6.0833	6.1319
10048	1.0	0	0	0.0000	0.0000
100480	1.0	7	1	2.3333	1.9444
100481	1.0	0	0	0.0000	0.0000
100482	8.0	0	0	0.0000	0.0000
100483	1.0	5	1	2.5000	1.2500
100484	8.0	27	4	10.5000	13.6500
100485	1.0	0	0	0.0000	0.0000
100486	1.0	1	1	0.3333	0.1111
100487	1.0	0	0	0.0000	0.0000
100488	1.0	0	0	0.0000	0.0000
100489	1.0	0	0	0.0000	0.0000
10049	1.0	0	0	0.0000	0.0000
100490	2.0	5	0	2.5000	1.2500
100491	1.0	1	1	0.2500	0.1458
100492	1.0	0	0	0.0000	0.0000
100493	1.0	0	0	0.0000	0.0000
100494	4.0	11	2	2.2833	3.5525
100495	1.0	0	0	0.0000	0.0000
100496	3.0	6	2	0.7758	1.4847
100497	2.0	6	1	0.8250	0.4241
100498	1.0	0	0	0.0000	0.0000
100499	1.0	0	0	0.0000	0.0000
1005	1.0	4	1	0.5714	0.1769
10050	1.0	0	0	0.0000	0.0000
100500	1.0	0	0	0.0000	0.0000
100501	1.0	0	0	0.0000	0.0000
100502	1.0	0	0	0.0000	0.0000
100503	4.0	5	2	1.6667	0.5556
100504	12.0	151	4	60.1667	52.9722
100505	1.0	2	1	0.2222	0.1657
100506	21.0	157	6	64.5833	40.0486
100507	29.0	39	4	13.3333	19.5694
100508	22.0	20	3	6.8333	9.6528
100509	2.0	1	1	0.3333	0.6111
10051	2.0	8	0	4.0000	2.0000
100510	1.0	0	0	0.0000	0.0000
100511	15.0	435	10	142.4167	220.9958
100512	2.0	39	0	6.5000	14.2583
100513	1.0	0	0	0.0000	0.0000
100514	1.0	0	0	0.0000	0.0000
100515	1.0	0	0	0.0000	0.0000
100516	1.0	0	0	0.0000	0.0000
100517	1.0	0	0	0.0000	0.0000
100518	1.0	0	0	0.0000	0.0000
100519	1.0	0	0	0.0000	0.0000
10052	1.0	5	1	5.0000	5.0000
100520	1.0	8	1	2.0000	1.1667
100521	1.0	0	0	0.0000	0.0000
100522	1.0	0	0	0.0000	0.0000
100523	2.0	0	0	0.0000	0.0000
100524	1.0	2	1	0.3333	0.3167
100525	1.0	0	0	0.0000	0.0000
100526	1.0	1	1	0.2500	0.0625
100527	1.0	0	0	0.0000	0.0000
100528	1.0	0	0	0.0000	0.0000
100529	2.0	0	0	0.0000	0.0000
10053	1.0	23	1	5.7500	1.4375
100530	53.0	199	9	63.3111	100.9804
100531	1.0	0	0	0.0000	0.0000
100532	3.0	17	2	7.7500	12.0625
100533	1.0	0	0	0.0000	0.0000
100534	1.0	0	0	0.0000	0.0000
100535	4.0	1	1	0.2500	0.2708
100536	2.0	1	1	0.5000	0.7500
100537	1.0	0	0	0.0000	0.0000
100538	1.0	1	1	0.0714	0.0471
100539	1.0	2	1	0.6667	0.5556
10054	1.0	0	0	0.0000	0.0000
100540	1.0	1	1	0.3333	0.6111
100541	16.0	16	3	5.7500	5.0625
100542	18.0	3	1	1.5000	1.2500
100543	1.0	0	0	0.0000	0.0000
100544	1.0	0	0	0.0000	0.0000
100545	2.0	0	0	0.0000	0.0000
100546	1.0	0	0	0.0000	0.0000
100547	1.0	2	1	0.6667	0.5556
100548	1.0	0	0	0.0000	0.0000
100549	1.0	0	0	0.0000	0.0000
10055	1.0	1	1	1.0000	1.0000
100550	2.0	0	0	0.0000	0.0000
100551	1.0	5	1	1.2500	0.7292
100552	1.0	0	0	0.0000	0.0000
100553	2.0	0	0	0.0000	0.0000
100554	1.0	0	0	0.0000	0.0000
100555	1.0	0	0	0.0000	0.0000
100556	1.0	4	1	0.5000	0.1339
100557	5.0	21	3	4.5238	5.2173
100558	2.0	0	0	0.0000	0.0000
100559	1.0	0	0	0.0000	0.0000
10056	1.0	0	0	0.0000	0.0000
100560	6.0	18	3	3.5000	5.9095
100561	1.0	0	0	0.0000	0.0000
100562	4.0	9	2	2.5833	2.4653
100563	1.0	0	0	0.0000	0.0000
100564	1.0	2	1	0.4000	0.0800
100565	1.0	12	1	2.4000	3.0800
100566	1.0	0	0	0.0000	0.0000
100567	1.0	4	1	1.0000	0.5833
100568	1.0	1	1	0.3333	0.2778
100569	1.0	0	0	0.0000	0.0000
10057	3.0	0	0	0.0000	0.0000
100570	1.0	9	1	2.2500	1.3125
100571	1.0	0	0	0.0000	0.0000
100572	1.0	0	0	0.0000	0.0000
100573	1.0	2	1	0.5000	0.5417
100574	1.0	0	0	0.0000	0.0000
100575	1.0	0	0	0.0000	0.0000
100576	1.0	0	0	0.0000	0.0000
100577	5.0	11	2	2.4909	4.3764
100578	16.0	101	6	29.1667	30.3639
100579	3.0	12	2	3.4500	5.1775
10058	3.0	1	1	0.2000	0.0900
100580	1.0	0	0	0.0000	0.0000
100581	4.0	5	1	1.1667	1.2167
100582	6.0	2	1	0.8333	1.0278
100583	6.0	21	4	6.6333	9.5544
100584	5.0	6	2	2.0000	3.5833
100585	1.0	2	1	0.6667	0.2222
100586	3.0	1	1	0.2500	0.2708
100587	26.0	84	5	23.8333	28.2722
100588	1.0	0	0	0.0000	0.0000
100589	1.0	0	0	0.0000	0.0000
10059	1.0	0	0	0.0000	0.0000
100590	1.0	0	0	0.0000	0.0000
100591	1.0	1	1	0.5000	0.7500
100592	1.0	0	0	0.0000	0.0000
100593	1.0	0	0	0.0000	0.0000
100594	1.0	0	0	0.0000	0.0000
100595	2.0	1	1	0.1250	0.0793
100596	1.0	0	0	0.0000	0.0000
100597	1.0	0	0	0.0000	0.0000
100598	10.0	60	5	17.0667	25.6643
100599	1.0	0	0	0.0000	0.0000
1006	4.0	11	1	2.2000	1.7233
10060	1.0	2	1	0.6667	0.2222
100600	1.0	0	0	0.0000	0.0000
100601	1.0	0	0	0.0000	0.0000
100602	1.0	0	0	0.0000	0.0000
100603	1.0	0	0	0.0000	0.0000
100604	13.0	40	3	9.7500	10.0958
100605	9.0	11	2	3.2500	1.1458
100606	1.0	4	1	0.8000	1.8267
100607	1.0	0	0	0.0000	0.0000
100608	1.0	0	0	0.0000	0.0000
100609	4.0	21	1	4.2000	1.8900
10061	4.0	2	1	1.0000	0.5000
100610	1.0	1	1	0.2500	0.1458
100611	3.0	8	2	2.2500	2.5625
100612	1.0	0	0	0.0000	0.0000
100613	5.0	21	3	4.8333	10.3750
100614	1.0	0	0	0.0000	0.0000
100615	2.0	6	1	1.0333	1.3650
100616	1.0	1	1	0.3333	0.1111
100617	2.0	3	1	1.1667	1.9722
100618	3.0	0	0	0.0000	0.0000
100619	1.0	0	0	0.0000	0.0000
10062	1.0	0	0	0.0000	0.0000
100620	1.0	0	0	0.0000	0.0000
100621	1.0	0	0	0.0000	0.0000
100622	2.0	0	0	0.0000	0.0000
100623	1.0	0	0	0.0000	0.0000
100624	1.0	0	0	0.0000	0.0000
100625	1.0	0	0	0.0000	0.0000
100626	1.0	0	0	0.0000	0.0000
100627	1.0	0	0	0.0000	0.0000
100628	1.0	0	0	0.0000	0.0000
100629	1.0	5	1	1.0000	0.7833
10063	1.0	0	0	0.0000	0.0000
100630	2.0	2	1	1.0000	0.5000
100631	1.0	0	0	0.0000	0.0000
100632	1.0	0	0	0.0000	0.0000
100633	5.0	9	2	3.9167	1.8681
100634	1.0	1	1	0.0714	0.0165
100635	2.0	21	1	2.4722	2.3584
100636	1.0	0	0	0.0000	0.0000
100637	1.0	0	0	0.0000	0.0000
100638	1.0	4	1	4.0000	4.0000
100639	1.0	0	0	0.0000	0.0000
10064	1.0	0	0	0.0000	0.0000
100640	1.0	0	0	0.0000	0.0000
100641	2.0	5	0	2.5000	3.7500
100642	4.0	6	1	1.2000	0.2400
100643	5.0	8	1	3.8333	5.3611
100644	10.0	10	2	2.8929	1.3317
100645	1.0	1	1	0.5000	0.7500
100646	1.0	0	0	0.0000	0.0000
100647	1.0	0	0	0.0000	0.0000
100648	1.0	28	1	5.6000	1.1200
100649	1.0	6	1	3.0000	1.5000
10065	1.0	0	0	0.0000	0.0000
100650	1.0	0	0	0.0000	0.0000
100651	2.0	0	0	0.0000	0.0000
100652	1.0	0	0	0.0000	0.0000
100653	2.0	0	0	0.0000	0.0000
100654	1.0	0	0	0.0000	0.0000
100655	2.0	0	0	0.0000	0.0000
100656	2.0	0	0	0.0000	0.0000
100657	2.0	0	0	0.0000	0.0000
100658	1.0	0	0	0.0000	0.0000
100659	1.0	0	0	0.0000	0.0000
10066	1.0	1	1	0.5000	0.2500
100660	2.0	1	1	0.2500	0.2708
100661	1.0	0	0	0.0000	0.0000
100662	1.0	0	0	0.0000	0.0000
100663	1.0	0	0	0.0000	0.0000
100664	2.0	1	1	0.3333	0.6111
100665	2.0	0	0	0.0000	0.0000
100666	1.0	0	0	0.0000	0.0000
100667	1.0	0	0	0.0000	0.0000
100668	1.0	0	0	0.0000	0.0000
100669	1.0	0	0	0.0000	0.0000
10067	2.0	0	0	0.0000	0.0000
100670	1.0	0	0	0.0000	0.0000
100671	1.0	0	0	0.0000	0.0000
100672	1.0	0	0	0.0000	0.0000
100673	1.0	3	1	0.7500	0.8125
100674	1.0	0	0	0.0000	0.0000
100675	1.0	0	0	0.0000	0.0000
100676	1.0	1	1	0.5000	0.2500
100677	2.0	3	1	0.7500	0.4375
100678	2.0	0	0	0.0000	0.0000
100679	2.0	0	0	0.0000	0.0000
10068	1.0	5	1	1.6667	3.0556
100680	2.0	0	0	0.0000	0.0000
100681	2.0	0	0	0.0000	0.0000
100682	2.0	10	0	2.6667	1.0056
100683	1.0	0	0	0.0000	0.0000
100684	1.0	0	0	0.0000	0.0000
100685	1.0	0	0	0.0000	0.0000
100686	1.0	0	0	0.0000	0.0000
100687	1.0	0	0	0.0000	0.0000
100688	1.0	0	0	0.0000	0.0000
100689	1.0	0	0	0.0000	0.0000
10069	15.0	98	5	23.8381	15.9286
100690	1.0	1	1	0.2500	0.0625
100691	1.0	0	0	0.0000	0.0000
100692	1.0	0	0	0.0000	0.0000
100693	2.0	0	0	0.0000	0.0000
100694	5.0	0	0	0.0000	0.0000
100695	2.0	0	0	0.0000	0.0000
100696	1.0	0	0	0.0000	0.0000
100697	3.0	0	0	0.0000	0.0000
100698	1.0	0	0	0.0000	0.0000
100699	1.0	0	0	0.0000	0.0000
1007	2.0	0	0	0.0000	0.0000
10070	2.0	3	1	1.0000	1.8333
100700	1.0	0	0	0.0000	0.0000
100701	10.0	0	0	0.0000	0.0000
100702	11.0	91	4	34.9167	45.3264
100703	32.0	42	3	15.2333	13.1244
100704	5.0	0	0	0.0000	0.0000
100705	1.0	0	0	0.0000	0.0000
100706	1.0	0	0	0.0000	0.0000
100707	5.0	7	2	3.0000	2.8333
100708	4.0	15	3	4.6667	3.5278
100709	1.0	0	0	0.0000	0.0000
10071	1.0	0	0	0.0000	0.0000
100710	1.0	7	1	2.3333	0.7778
100711	2.0	2	1	0.3333	0.4833
100712	1.0	0	0	0.0000	0.0000
100713	1.0	0	0	0.0000	0.0000
100714	1.0	0	0	0.0000	0.0000
100715	1.0	0	0	0.0000	0.0000
100716	1.0	0	0	0.0000	0.0000
100717	1.0	0	0	0.0000	0.0000
100718	1.0	0	0	0.0000	0.0000
100719	1.0	0	0	0.0000	0.0000
10072	1.0	0	0	0.0000	0.0000
100720	1.0	0	0	0.0000	0.0000
100721	1.0	2	1	0.6667	0.5556
100722	1.0	0	0	0.0000	0.0000
100723	1.0	0	0	0.0000	0.0000
100724	1.0	0	0	0.0000	0.0000
100725	1.0	0	0	0.0000	0.0000
100726	1.0	0	0	0.0000	0.0000
100727	1.0	0	0	0.0000	0.0000
100728	1.0	0	0	0.0000	0.0000
100729	1.0	2	1	0.6667	1.2222
10073	1.0	0	0	0.0000	0.0000
100730	1.0	0	0	0.0000	0.0000
100731	1.0	0	0	0.0000	0.0000
100732	1.0	0	0	0.0000	0.0000
100733	1.0	0	0	0.0000	0.0000
100734	1.0	0	0	0.0000	0.0000
100735	1.0	0	0	0.0000	0.0000
100736	1.0	2	1	0.4000	0.9133
100737	1.0	0	0	0.0000	0.0000
100738	1.0	0	0	0.0000	0.0000
100739	1.0	2	1	0.6667	0.2222
10074	1.0	0	0	0.0000	0.0000
100740	1.0	0	0	0.0000	0.0000
100741	1.0	0	0	0.0000	0.0000
100742	1.0	2	1	1.0000	1.5000
100743	1.0	0	0	0.0000	0.0000
100744	2.0	0	0	0.0000	0.0000
100745	1.0	1	1	0.1667	0.1583
100746	2.0	0	0	0.0000	0.0000
100747	1.0	0	0	0.0000	0.0000
100748	1.0	0	0	0.0000	0.0000
100749	1.0	0	0	0.0000	0.0000
10075	1.0	0	0	0.0000	0.0000
100750	1.0	0	0	0.0000	0.0000
100751	4.0	34	3	8.4000	9.9800
100752	1.0	4	1	0.8000	0.6267
100753	1.0	0	0	0.0000	0.0000
100754	2.0	0	0	0.0000	0.0000
100755	1.0	0	0	0.0000	0.0000
100756	3.0	1	1	0.5000	0.7500
100757	1.0	0	0	0.0000	0.0000
100758	1.0	0	0	0.0000	0.0000
100759	2.0	0	0	0.0000	0.0000
10076	1.0	1	1	0.3333	0.1111
100760	1.0	0	0	0.0000	0.0000
100761	2.0	0	0	0.0000	0.0000
100762	1.0	0	0	0.0000	0.0000
100763	1.0	0	0	0.0000	0.0000
100764	1.0	1	1	0.2500	0.5208
100765	1.0	0	0	0.0000	0.0000
100766	1.0	0	0	0.0000	0.0000
100767	1.0	0	0	0.0000	0.0000
100768	2.0	2	1	1.0000	1.5000
100769	1.0	0	0	0.0000	0.0000
10077	1.0	0	0	0.0000	0.0000
100770	1.0	0	0	0.0000	0.0000
100771	1.0	0	0	0.0000	0.0000
100772	3.0	0	0	0.0000	0.0000
100773	1.0	0	0	0.0000	0.0000
100774	2.0	0	0	0.0000	0.0000
100775	1.0	0	0	0.0000	0.0000
100776	1.0	0	0	0.0000	0.0000
100777	1.0	0	0	0.0000	0.0000
100778	5.0	44	3	13.7500	15.3958
100779	6.0	57	4	19.0000	34.8333
10078	1.0	3	1	0.4286	0.0612
100780	1.0	0	0	0.0000	0.0000
100781	4.0	6	2	2.5333	2.7344
100782	1.0	0	0	0.0000	0.0000
100783	1.0	0	0	0.0000	0.0000
100784	2.0	2	1	0.5000	0.5417
100785	1.0	0	0	0.0000	0.0000
100786	1.0	0	0	0.0000	0.0000
100787	25.0	26	3	6.3333	4.4583
100788	1.0	0	0	0.0000	0.0000
100789	1.0	0	0	0.0000	0.0000
10079	1.0	0	0	0.0000	0.0000
100790	1.0	1	1	0.1250	0.1106
100791	1.0	0	0	0.0000	0.0000
100792	1.0	0	0	0.0000	0.0000
100793	1.0	1	1	0.3333	0.6111
100794	3.0	0	0	0.0000	0.0000
100795	1.0	4	1	2.0000	1.0000
100796	2.0	3	1	1.0000	0.3333
100797	4.0	0	0	0.0000	0.0000
100798	1.0	0	0	0.0000	0.0000
100799	1.0	7	1	3.5000	5.2500
1008	3.0	2	1	0.6667	0.5556
10080	1.0	0	0	0.0000	0.0000
100800	1.0	0	0	0.0000	0.0000
100801	8.0	30	3	4.0274	4.3608
100802	4.0	5	1	1.0000	2.2833
100803	1.0	4	1	0.1081	0.0059
100804	2.0	4	1	1.5000	2.5833
100805	2.0	1	1	0.1667	0.2417
100806	1.0	1	1	0.3333	0.1111
100807	2.0	0	0	0.0000	0.0000
100808	10.0	11	2	3.6667	4.0556
100809	2.0	0	0	0.0000	0.0000
10081	4.0	178	3	20.7937	8.8262
100810	1.0	4	1	2.0000	1.0000
100811	1.0	0	0	0.0000	0.0000
100812	1.0	0	0	0.0000	0.0000
100813	2.0	0	0	0.0000	0.0000
100814	2.0	1	1	0.3333	0.6111
100815	1.0	3	1	1.5000	0.7500
100816	1.0	4	1	2.0000	1.0000
100817	1.0	0	0	0.0000	0.0000
100818	15.0	87	6	40.2500	39.3958
100819	1.0	0	0	0.0000	0.0000
10082	1.0	0	0	0.0000	0.0000
100820	1.0	0	0	0.0000	0.0000
100821	1.0	4	1	0.6667	0.4111
100822	1.0	0	0	0.0000	0.0000
100823	21.0	27	4	10.4500	8.1525
100824	2.0	1	1	1.0000	1.0000
100825	1.0	0	0	0.0000	0.0000
100826	1.0	0	0	0.0000	0.0000
100827	2.0	1	1	0.5000	0.7500
100828	1.0	1	1	0.2000	0.1567
100829	1.0	11	1	2.2000	1.7233
10083	1.0	0	0	0.0000	0.0000
100830	1.0	0	0	0.0000	0.0000
100831	1.0	0	0	0.0000	0.0000
100832	1.0	0	0	0.0000	0.0000
100833	2.0	0	0	0.0000	0.0000
100834	1.0	0	0	0.0000	0.0000
100835	1.0	3	1	1.5000	0.7500
100836	1.0	0	0	0.0000	0.0000
100837	1.0	0	0	0.0000	0.0000
100838	1.0	0	0	0.0000	0.0000
100839	1.0	0	0	0.0000	0.0000
10084	2.0	0	0	0.0000	0.0000
100840	1.0	0	0	0.0000	0.0000
100841	1.0	0	0	0.0000	0.0000
100842	1.0	0	0	0.0000	0.0000
100843	1.0	0	0	0.0000	0.0000
100844	1.0	0	0	0.0000	0.0000
100845	1.0	0	0	0.0000	0.0000
100846	1.0	0	0	0.0000	0.0000
100847	2.0	0	0	0.0000	0.0000
100848	1.0	0	0	0.0000	0.0000
100849	2.0	14	0	3.5000	2.9167
10085	3.0	4	2	0.5079	0.3097
100850	1.0	4	1	4.0000	4.0000
100851	1.0	0	0	0.0000	0.0000
100852	1.0	0	0	0.0000	0.0000
100853	1.0	0	0	0.0000	0.0000
100854	1.0	0	0	0.0000	0.0000
100855	2.0	0	0	0.0000	0.0000
100856	1.0	0	0	0.0000	0.0000
100857	1.0	0	0	0.0000	0.0000
100858	1.0	0	0	0.0000	0.0000
100859	2.0	0	0	0.0000	0.0000
10086	1.0	0	0	0.0000	0.0000
100860	1.0	1	1	0.2500	0.5208
100861	1.0	0	0	0.0000	0.0000
100862	1.0	0	0	0.0000	0.0000
100863	1.0	1	1	0.5000	0.7500
100864	1.0	12	1	2.4000	1.0800
100865	1.0	0	0	0.0000	0.0000
100866	1.0	1	1	0.1250	0.1522
100867	3.0	0	0	0.0000	0.0000
100868	1.0	0	0	0.0000	0.0000
100869	1.0	0	0	0.0000	0.0000
10087	1.0	1	1	0.5000	0.2500
100870	1.0	0	0	0.0000	0.0000
100871	2.0	0	0	0.0000	0.0000
100872	3.0	1	1	0.2500	0.5208
100873	2.0	0	0	0.0000	0.0000
100874	1.0	0	0	0.0000	0.0000
100875	1.0	8	1	2.6667	2.2222
100876	1.0	0	0	0.0000	0.0000
100877	1.0	1	1	0.1429	0.1561
100878	1.0	0	0	0.0000	0.0000
100879	2.0	0	0	0.0000	0.0000
10088	1.0	1	1	0.2000	0.2567
100880	4.0	0	0	0.0000	0.0000
100881	1.0	1	1	0.2000	0.1567
100882	1.0	1	1	0.2500	0.0625
100883	1.0	0	0	0.0000	0.0000
100884	1.0	0	0	0.0000	0.0000
100885	1.0	0	0	0.0000	0.0000
100886	1.0	0	0	0.0000	0.0000
100887	35.0	22	3	6.2667	3.1478
100888	1.0	4	1	1.3333	0.4444
100889	1.0	0	0	0.0000	0.0000
10089	2.0	2	1	0.4000	0.5133
100890	1.0	0	0	0.0000	0.0000
100891	3.0	3	1	1.6429	2.1204
100892	1.0	0	0	0.0000	0.0000
100893	2.0	0	0	0.0000	0.0000
100894	1.0	0	0	0.0000	0.0000
100895	1.0	0	0	0.0000	0.0000
100896	1.0	0	0	0.0000	0.0000
100897	1.0	0	0	0.0000	0.0000
100898	1.0	0	0	0.0000	0.0000
100899	1.0	23	1	5.7500	3.3542
1009	1.0	0	0	0.0000	0.0000
10090	3.0	0	0	0.0000	0.0000
100900	42.0	252	8	64.9944	48.6290
100901	1.0	0	0	0.0000	0.0000
100902	4.0	1	1	0.5000	0.7500
100903	7.0	307	2	77.5000	83.7917
100904	1.0	4	1	1.3333	2.4444
100905	3.0	85	2	10.0333	14.8955
100906	1.0	0	0	0.0000	0.0000
100907	4.0	19	2	9.0000	6.5833
100908	52.0	1280	20	464.8786	522.6267
100909	1.0	0	0	0.0000	0.0000
10091	1.0	0	0	0.0000	0.0000
100910	3.0	0	0	0.0000	0.0000
100911	4.0	1	1	0.3333	0.2778
100912	2.0	0	0	0.0000	0.0000
100913	1.0	0	0	0.0000	0.0000
100914	3.0	0	0	0.0000	0.0000
100915	1.0	0	0	0.0000	0.0000
100916	2.0	0	0	0.0000	0.0000
100917	4.0	20	2	7.3333	12.7778
100918	67.0	295	10	125.4970	116.4087
100919	1.0	1	1	0.2500	0.2708
10092	1.0	17	1	3.4000	0.6800
100920	1.0	3	1	1.0000	1.8333
100921	1.0	0	0	0.0000	0.0000
100922	1.0	0	0	0.0000	0.0000
100923	2.0	0	0	0.0000	0.0000
100924	1.0	2	1	0.5000	0.2917
100925	2.0	11	1	1.5952	3.7652
100926	8.0	12	1	3.9167	7.2431
100927	1.0	0	0	0.0000	0.0000
100928	1.0	0	0	0.0000	0.0000
100929	2.0	0	0	0.0000	0.0000
10093	1.0	0	0	0.0000	0.0000
100930	1.0	0	0	0.0000	0.0000
100931	4.0	1	1	0.5000	0.2500
100932	5.0	73	4	32.0000	51.0000
100933	1.0	0	0	0.0000	0.0000
100934	2.0	14	0	4.1667	3.5306
100935	3.0	7	1	3.5000	5.2500
100936	1.0	0	0	0.0000	0.0000
100937	2.0	0	0	0.0000	0.0000
100938	1.0	0	0	0.0000	0.0000
100939	3.0	8	2	1.5000	1.4583
10094	2.0	77	0	12.0714	5.5221
100940	1.0	0	0	0.0000	0.0000
100941	2.0	3	1	2.0000	2.5000
100942	2.0	7	0	3.5000	5.2500
100943	1.0	0	0	0.0000	0.0000
100944	1.0	0	0	0.0000	0.0000
100945	1.0	2	1	0.1818	0.0776
100946	2.0	5	1	1.6667	1.3889
100947	1.0	9	1	4.5000	6.7500
100948	9.0	91	5	56.5000	45.7500
100949	1.0	0	0	0.0000	0.0000
10095	1.0	0	0	0.0000	0.0000
100950	13.0	63	4	25.9444	39.5073
100951	1.0	2	1	2.0000	2.0000
100952	1.0	1	1	0.3333	0.2778
100953	1.0	0	0	0.0000	0.0000
100954	1.0	0	0	0.0000	0.0000
100955	20.0	171	8	36.3286	48.5208
100956	1.0	0	0	0.0000	0.0000
100957	1.0	0	0	0.0000	0.0000
100958	1.0	0	0	0.0000	0.0000
100959	1.0	0	0	0.0000	0.0000
10096	1.0	2	1	0.5000	0.5417
100960	1.0	2	1	0.1538	0.1380
100961	1.0	1	1	0.5000	0.7500
100962	4.0	0	0	0.0000	0.0000
100963	2.0	0	0	0.0000	0.0000
100964	1.0	0	0	0.0000	0.0000
100965	1.0	0	0	0.0000	0.0000
100966	1.0	0	0	0.0000	0.0000
100967	1.0	0	0	0.0000	0.0000
100968	1.0	0	0	0.0000	0.0000
100969	1.0	2	1	0.6667	1.2222
10097	1.0	0	0	0.0000	0.0000
100970	1.0	0	0	0.0000	0.0000
100971	1.0	0	0	0.0000	0.0000
100972	1.0	7	1	2.3333	4.2778
100973	1.0	0	0	0.0000	0.0000
100974	6.0	8	2	2.2500	3.2903
100975	1.0	0	0	0.0000	0.0000
100976	3.0	4	1	2.0000	1.0000
100977	1.0	0	0	0.0000	0.0000
100978	1.0	5	1	1.2500	0.3125
100979	1.0	0	0	0.0000	0.0000
10098	1.0	0	0	0.0000	0.0000
100980	2.0	1	1	0.2500	0.1458
100981	1.0	3	1	0.7500	0.1875
100982	27.0	379	9	157.8833	86.5627
100983	1.0	0	0	0.0000	0.0000
100984	1.0	0	0	0.0000	0.0000
100985	16.0	81	5	30.5833	48.5486
100986	1.0	0	0	0.0000	0.0000
100987	2.0	9	1	2.3333	0.7778
100988	1.0	1	1	0.3333	0.1111
100989	1.0	0	0	0.0000	0.0000
10099	2.0	0	0	0.0000	0.0000
100990	1.0	0	0	0.0000	0.0000
100991	3.0	0	0	0.0000	0.0000
100992	1.0	0	0	0.0000	0.0000
100993	1.0	0	0	0.0000	0.0000
100994	1.0	0	0	0.0000	0.0000
100995	1.0	0	0	0.0000	0.0000
100996	2.0	0	0	0.0000	0.0000
100997	2.0	26	1	2.8889	0.3210
100998	5.0	32	4	6.8667	7.6011
100999	6.0	12	2	5.3667	3.6289
101	1.0	0	0	0.0000	0.0000
1010	4.0	1	1	0.3333	0.1111
10100	2.0	1	1	0.3333	0.2778
101000	3.0	6	2	2.5000	4.0833
101001	4.0	2	1	0.6667	1.2222
101002	1.0	0	0	0.0000	0.0000
101003	2.0	3	1	0.2198	0.2513
101004	2.0	0	0	0.0000	0.0000
101005	1.0	1	1	0.2500	0.2708
101006	1.0	0	0	0.0000	0.0000
101007	47.0	152	6	37.1500	18.5687
101008	2.0	1	1	0.2500	0.0625
101009	1.0	0	0	0.0000	0.0000
10101	3.0	8	2	4.0000	6.0000
101010	1.0	1	1	0.3333	0.1111
101011	1.0	0	0	0.0000	0.0000
101012	1.0	0	0	0.0000	0.0000
101013	11.0	24	3	4.3929	7.5734
101014	4.0	34	1	4.8571	1.5034
101015	1.0	0	0	0.0000	0.0000
101016	1.0	0	0	0.0000	0.0000
101017	2.0	1	1	0.2000	0.0900
101018	1.0	0	0	0.0000	0.0000
101019	1.0	1	1	0.3333	0.1111
10102	3.0	0	0	0.0000	0.0000
101020	3.0	26	2	26.0000	26.0000
101021	2.0	1	1	0.2500	0.0625
101022	5.0	29	3	7.0833	8.7792
101023	1.0	0	0	0.0000	0.0000
101024	1.0	0	0	0.0000	0.0000
101025	2.0	0	0	0.0000	0.0000
101026	5.0	36	3	9.0000	4.1667
101027	1.0	3	1	3.0000	3.0000
101028	1.0	0	0	0.0000	0.0000
101029	1.0	3	1	1.0000	0.3333
10103	5.0	1	1	0.3333	0.1111
101030	1.0	1	1	0.3333	0.1111
101031	3.0	17	2	4.3000	4.4433
101032	5.0	4	1	1.0000	0.2500
101033	1.0	1	1	0.3333	0.2778
101034	2.0	5	1	1.8333	1.8611
101035	1.0	0	0	0.0000	0.0000
101036	1.0	0	0	0.0000	0.0000
101037	11.0	35	3	12.2167	19.4364
101038	2.0	2	1	0.5000	0.2917
101039	1.0	0	0	0.0000	0.0000
10104	1.0	0	0	0.0000	0.0000
101040	1.0	5	1	2.5000	1.2500
101041	7.0	2	1	0.8333	1.3611
101042	44.0	2575	22	1361.9725	831.6575
101043	3.0	5	1	2.1667	3.0278
101044	1.0	0	0	0.0000	0.0000
101045	1.0	2	1	2.0000	2.0000
101046	1.0	0	0	0.0000	0.0000
101047	1.0	0	0	0.0000	0.0000
101048	1.0	0	0	0.0000	0.0000
101049	2.0	2	1	0.5000	0.2917
10105	4.0	1	1	0.1667	0.1028
101050	4.0	5	2	0.3864	0.0300
101051	2.0	0	0	0.0000	0.0000
101052	4.0	24	0	14.6667	18.5556
101053	1.0	0	0	0.0000	0.0000
101054	1.0	0	0	0.0000	0.0000
101055	1.0	0	0	0.0000	0.0000
101056	1.0	1	1	0.3333	0.1111
101057	8.0	0	0	0.0000	0.0000
101058	2.0	0	0	0.0000	0.0000
101059	3.0	3	1	2.3333	2.1111
10106	1.0	1	1	0.1111	0.0606
101060	1.0	5	1	1.6667	1.3889
101061	1.0	0	0	0.0000	0.0000
101062	9.0	14	2	8.3333	8.9583
101063	1.0	1	1	0.5000	0.2500
101064	1.0	0	0	0.0000	0.0000
101065	3.0	0	0	0.0000	0.0000
101066	9.0	0	0	0.0000	0.0000
101067	3.0	9	1	3.0000	5.1667
101068	3.0	3	1	3.0000	3.0000
101069	5.0	8	1	2.2500	1.1875
10107	1.0	1	1	0.1111	0.0421
101070	1.0	0	0	0.0000	0.0000
101071	1.0	0	0	0.0000	0.0000
101072	1.0	0	0	0.0000	0.0000
101073	1.0	0	0	0.0000	0.0000
101074	1.0	0	0	0.0000	0.0000
101075	1.0	0	0	0.0000	0.0000
101076	3.0	0	0	0.0000	0.0000
101077	18.0	84	3	73.0333	77.9511
101078	15.0	44	4	11.3833	15.4314
101079	2.0	54	0	13.2500	3.2708
10108	1.0	0	0	0.0000	0.0000
101080	1.0	0	0	0.0000	0.0000
101081	1.0	7	1	2.3333	1.9444
101082	9.0	183	4	51.8667	75.0789
101083	2.0	34	0	25.7500	24.6042
101084	1.0	1	1	0.5000	0.7500
101085	1.0	0	0	0.0000	0.0000
101086	1.0	6	1	6.0000	6.0000
101087	1.0	20	1	4.0000	0.8000
101088	1.0	0	0	0.0000	0.0000
101089	16.0	17	2	4.0167	5.9928
10109	1.0	3	1	1.5000	0.7500
101090	1.0	4	1	1.3333	2.4444
101091	3.0	1	1	0.3333	0.1111
101092	1.0	1	1	0.5000	0.7500
101093	1.0	0	0	0.0000	0.0000
101094	2.0	2	1	0.2857	0.4551
101095	5.0	1	1	0.3333	0.1111
101096	1.0	3	1	0.7500	0.4375
101097	1.0	0	0	0.0000	0.0000
101098	1.0	0	0	0.0000	0.0000
101099	1.0	1	1	0.5000	0.7500
1011	1.0	1	1	0.1667	0.1028
10110	1.0	1	1	0.3333	0.1111
101100	2.0	0	0	0.0000	0.0000
101101	1.0	0	0	0.0000	0.0000
101102	1.0	0	0	0.0000	0.0000
101103	1.0	2	1	0.4000	0.9133
101104	3.0	0	0	0.0000	0.0000
101105	1.0	0	0	0.0000	0.0000
101106	1.0	0	0	0.0000	0.0000
101107	1.0	0	0	0.0000	0.0000
101108	2.0	0	0	0.0000	0.0000
101109	2.0	0	0	0.0000	0.0000
10111	1.0	0	0	0.0000	0.0000
101110	1.0	0	0	0.0000	0.0000
101111	1.0	0	0	0.0000	0.0000
101112	1.0	0	0	0.0000	0.0000
101113	1.0	0	0	0.0000	0.0000
101114	7.0	5	1	2.3333	3.6111
101115	1.0	0	0	0.0000	0.0000
101116	1.0	4	1	0.5000	0.8589
101117	1.0	0	0	0.0000	0.0000
101118	1.0	0	0	0.0000	0.0000
101119	4.0	3	1	1.0000	0.8333
10112	1.0	1	1	0.5000	0.2500
101120	1.0	0	0	0.0000	0.0000
101121	3.0	3	1	1.0333	0.4011
101122	3.0	29	2	10.5000	14.0833
101123	1.0	0	0	0.0000	0.0000
101124	4.0	1	1	0.3333	0.6111
101125	12.0	10	2	4.1667	1.8944
101126	1.0	0	0	0.0000	0.0000
101127	3.0	4	1	2.0000	3.0000
101128	1.0	0	0	0.0000	0.0000
101129	1.0	0	0	0.0000	0.0000
10113	3.0	0	0	0.0000	0.0000
101130	1.0	0	0	0.0000	0.0000
101131	1.0	0	0	0.0000	0.0000
101132	22.0	22	3	4.6345	10.2671
101133	1.0	1	1	0.5000	0.2500
101134	16.0	85	4	40.6873	52.0154
101135	1.0	0	0	0.0000	0.0000
101136	4.0	3	1	1.0000	0.3333
101137	1.0	0	0	0.0000	0.0000
101138	1.0	0	0	0.0000	0.0000
101139	3.0	19	2	3.8000	1.7100
10114	1.0	0	0	0.0000	0.0000
101140	1.0	0	0	0.0000	0.0000
101141	1.0	1	1	0.2500	0.0625
101142	1.0	1	1	0.3333	0.2778
101143	6.0	132	4	39.3333	12.8194
101144	1.0	0	0	0.0000	0.0000
101145	1.0	0	0	0.0000	0.0000
101146	1.0	1	1	0.2000	0.0900
101147	1.0	0	0	0.0000	0.0000
101148	1.0	0	0	0.0000	0.0000
101149	1.0	0	0	0.0000	0.0000
10115	1.0	3	1	0.7500	0.1875
101150	1.0	0	0	0.0000	0.0000
101151	9.0	10	2	1.6190	0.6448
101152	1.0	0	0	0.0000	0.0000
101153	1.0	0	0	0.0000	0.0000
101154	1.0	0	0	0.0000	0.0000
101155	2.0	649	0	298.8333	465.3611
101156	4.0	0	0	0.0000	0.0000
101157	5.0	7	1	3.0000	3.0000
101158	5.0	5	2	3.5000	4.2500
101159	12.0	28	3	9.0000	14.2500
10116	1.0	2	1	1.0000	1.5000
101160	14.0	56	4	17.5000	17.8101
101161	5.0	20	3	5.5000	8.2145
101162	2.0	0	0	0.0000	0.0000
101163	6.0	9	2	2.2000	4.6233
101164	3.0	1	1	0.3333	0.1111
101165	1.0	0	0	0.0000	0.0000
101166	1.0	0	0	0.0000	0.0000
101167	1.0	4	1	1.3333	1.1111
101168	1.0	0	0	0.0000	0.0000
101169	1.0	2	1	0.6667	0.2222
10117	1.0	1	1	0.3333	0.1111
101170	50.0	1	1	1.0000	1.0000
101171	1.0	1	1	0.5000	0.7500
101172	2.0	0	0	0.0000	0.0000
101173	2.0	10	1	1.0111	0.4732
101174	34.0	69	6	32.4167	37.7736
101175	1.0	0	0	0.0000	0.0000
101176	16.0	416	7	72.9333	77.0149
101177	2.0	0	0	0.0000	0.0000
101178	1.0	0	0	0.0000	0.0000
101179	1.0	0	0	0.0000	0.0000
10118	1.0	2	1	0.2857	0.4551
101180	14.0	30	4	8.8583	3.0901
101181	4.0	24	0	5.2500	5.5875
101182	3.0	2	1	1.0000	0.5000
101183	1.0	0	0	0.0000	0.0000
101184	4.0	0	0	0.0000	0.0000
101185	4.0	90	3	20.8571	20.1605
101186	42.0	154	7	75.2500	54.6042
101187	1.0	0	0	0.0000	0.0000
101188	1.0	0	0	0.0000	0.0000
101189	2.0	1	1	0.2500	0.2708
10119	1.0	0	0	0.0000	0.0000
101190	4.0	5	1	0.9167	0.3486
101191	1.0	0	0	0.0000	0.0000
101192	1.0	1	1	1.0000	1.0000
101193	2.0	0	0	0.0000	0.0000
101194	2.0	4	1	1.0000	0.9583
101195	2.0	14	0	7.0000	3.5000
101196	2.0	0	0	0.0000	0.0000
101197	1.0	0	0	0.0000	0.0000
101198	1.0	1	1	0.5000	0.2500
101199	1.0	0	0	0.0000	0.0000
1012	1.0	0	0	0.0000	0.0000
10120	1.0	0	0	0.0000	0.0000
101200	1.0	0	0	0.0000	0.0000
101201	1.0	0	0	0.0000	0.0000
101202	1.0	2	1	0.5000	0.2917
101203	1.0	0	0	0.0000	0.0000
101204	1.0	0	0	0.0000	0.0000
101205	3.0	0	0	0.0000	0.0000
101206	1.0	0	0	0.0000	0.0000
101207	2.0	0	0	0.0000	0.0000
101208	1.0	0	0	0.0000	0.0000
101209	1.0	0	0	0.0000	0.0000
10121	1.0	0	0	0.0000	0.0000
101210	1.0	0	0	0.0000	0.0000
101211	3.0	0	0	0.0000	0.0000
101212	3.0	0	0	0.0000	0.0000
101213	1.0	0	0	0.0000	0.0000
101214	13.0	12	2	8.1667	9.9722
101215	1.0	0	0	0.0000	0.0000
101216	1.0	0	0	0.0000	0.0000
101217	1.0	0	0	0.0000	0.0000
101218	3.0	7	1	3.3333	4.7778
101219	1.0	8	1	1.6000	0.3200
10122	1.0	0	0	0.0000	0.0000
101220	1.0	0	0	0.0000	0.0000
101221	2.0	0	0	0.0000	0.0000
101222	1.0	0	0	0.0000	0.0000
101223	1.0	0	0	0.0000	0.0000
101224	1.0	0	0	0.0000	0.0000
101225	1.0	0	0	0.0000	0.0000
101226	1.0	0	0	0.0000	0.0000
101227	1.0	0	0	0.0000	0.0000
101228	1.0	1	1	0.5000	0.7500
101229	1.0	0	0	0.0000	0.0000
10123	2.0	0	0	0.0000	0.0000
101230	1.0	0	0	0.0000	0.0000
101231	1.0	0	0	0.0000	0.0000
101232	1.0	0	0	0.0000	0.0000
101233	1.0	0	0	0.0000	0.0000
101234	1.0	0	0	0.0000	0.0000
101235	1.0	0	0	0.0000	0.0000
101236	4.0	33	2	15.5000	20.9167
101237	16.0	93	6	8.9698	7.9469
101238	1.0	0	0	0.0000	0.0000
101239	1.0	0	0	0.0000	0.0000
10124	1.0	1	1	0.2000	0.0400
101240	1.0	0	0	0.0000	0.0000
101241	14.0	69	5	27.9167	45.9931
101242	1.0	0	0	0.0000	0.0000
101243	1.0	0	0	0.0000	0.0000
101244	1.0	0	0	0.0000	0.0000
101245	1.0	0	0	0.0000	0.0000
101246	1.0	0	0	0.0000	0.0000
101247	4.0	14	2	4.2667	1.6922
101248	1.0	0	0	0.0000	0.0000
101249	1.0	0	0	0.0000	0.0000
10125	2.0	0	0	0.0000	0.0000
101250	1.0	0	0	0.0000	0.0000
101251	1.0	0	0	0.0000	0.0000
101252	1.0	0	0	0.0000	0.0000
101253	1.0	0	0	0.0000	0.0000
101254	1.0	1	1	0.3333	0.1111
101255	8.0	65	3	29.0000	26.3333
101256	1.0	0	0	0.0000	0.0000
101257	2.0	442	0	308.0000	375.0000
101258	1.0	0	0	0.0000	0.0000
101259	1.0	0	0	0.0000	0.0000
10126	2.0	0	0	0.0000	0.0000
101260	1.0	1	1	0.5000	0.7500
101261	1.0	0	0	0.0000	0.0000
101262	2.0	0	0	0.0000	0.0000
101263	2.0	0	0	0.0000	0.0000
101264	1.0	0	0	0.0000	0.0000
101265	1.0	0	0	0.0000	0.0000
101266	1.0	0	0	0.0000	0.0000
101267	1.0	0	0	0.0000	0.0000
101268	1.0	0	0	0.0000	0.0000
101269	1.0	0	0	0.0000	0.0000
10127	1.0	0	0	0.0000	0.0000
101270	1.0	7	1	0.8750	0.2344
101271	1.0	0	0	0.0000	0.0000
101272	8.0	22	3	5.5690	9.3770
101273	1.0	0	0	0.0000	0.0000
101274	2.0	4	1	1.3333	1.1111
101275	1.0	0	0	0.0000	0.0000
101276	1.0	0	0	0.0000	0.0000
101277	1.0	0	0	0.0000	0.0000
101278	1.0	0	0	0.0000	0.0000
101279	1.0	0	0	0.0000	0.0000
10128	1.0	0	0	0.0000	0.0000
101280	1.0	0	0	0.0000	0.0000
101281	1.0	0	0	0.0000	0.0000
101282	1.0	2	1	0.4000	0.9133
101283	1.0	0	0	0.0000	0.0000
101284	1.0	0	0	0.0000	0.0000
101285	1.0	0	0	0.0000	0.0000
101286	1.0	1	1	0.5000	0.7500
101287	1.0	4	1	4.0000	4.0000
101288	1.0	0	0	0.0000	0.0000
101289	1.0	0	0	0.0000	0.0000
10129	1.0	0	0	0.0000	0.0000
101290	1.0	4	1	4.0000	4.0000
101291	1.0	0	0	0.0000	0.0000
101292	2.0	17	0	3.4000	5.7633
101293	1.0	0	0	0.0000	0.0000
101294	23.0	50	4	17.2500	29.1569
101295	3.0	9	1	4.5000	6.7500
101296	1.0	1	1	0.3333	0.1111
101297	1.0	0	0	0.0000	0.0000
101298	3.0	3	1	1.0000	0.8333
101299	1.0	6	1	6.0000	6.0000
1013	20.0	38	4	8.9167	9.6875
10130	1.0	0	0	0.0000	0.0000
101300	4.0	2	1	0.4762	0.3863
101301	1.0	2	1	0.2500	0.6795
101302	1.0	5	1	0.6250	0.3966
101303	1.0	0	0	0.0000	0.0000
101304	36.0	74	5	18.0611	10.6639
101305	1.0	0	0	0.0000	0.0000
101306	2.0	177	1	177.0000	177.0000
101307	7.0	2	1	1.0000	0.5000
101308	1.0	8	1	1.6000	3.6533
101309	1.0	0	0	0.0000	0.0000
10131	3.0	0	0	0.0000	0.0000
101310	1.0	0	0	0.0000	0.0000
101311	1.0	0	0	0.0000	0.0000
101312	1.0	0	0	0.0000	0.0000
101313	1.0	0	0	0.0000	0.0000
101314	8.0	53	1	17.6667	5.8889
101315	1.0	0	0	0.0000	0.0000
101316	1.0	0	0	0.0000	0.0000
101317	2.0	0	0	0.0000	0.0000
101318	1.0	0	0	0.0000	0.0000
101319	1.0	0	0	0.0000	0.0000
10132	1.0	1	1	0.2500	0.5208
101320	2.0	0	0	0.0000	0.0000
101321	1.0	1	1	0.3333	0.1111
101322	1.0	0	0	0.0000	0.0000
101323	3.0	0	0	0.0000	0.0000
101324	1.0	0	0	0.0000	0.0000
101325	1.0	0	0	0.0000	0.0000
101326	1.0	0	0	0.0000	0.0000
101327	1.0	0	0	0.0000	0.0000
101328	1.0	0	0	0.0000	0.0000
101329	1.0	0	0	0.0000	0.0000
10133	1.0	0	0	0.0000	0.0000
101330	10.0	10	2	6.0000	7.5000
101331	1.0	1	1	0.0909	0.0670
101332	1.0	0	0	0.0000	0.0000
101333	1.0	0	0	0.0000	0.0000
101334	2.0	8	1	4.0000	6.0000
101335	2.0	2	1	0.5000	0.2917
101336	1.0	0	0	0.0000	0.0000
101337	2.0	0	0	0.0000	0.0000
101338	3.0	0	0	0.0000	0.0000
101339	1.0	0	0	0.0000	0.0000
10134	2.0	0	0	0.0000	0.0000
101340	1.0	0	0	0.0000	0.0000
101341	1.0	0	0	0.0000	0.0000
101342	1.0	0	0	0.0000	0.0000
101343	2.0	0	0	0.0000	0.0000
101344	1.0	0	0	0.0000	0.0000
101345	2.0	0	0	0.0000	0.0000
101346	8.0	12	1	4.3333	1.7778
101347	9.0	31	4	3.5957	4.0778
101348	6.0	2	1	1.0000	1.5000
101349	1.0	0	0	0.0000	0.0000
10135	1.0	0	0	0.0000	0.0000
101350	4.0	0	0	0.0000	0.0000
101351	1.0	2	1	1.0000	0.5000
101352	1.0	0	0	0.0000	0.0000
101353	1.0	0	0	0.0000	0.0000
101354	1.0	1	1	1.0000	1.0000
101355	1.0	0	0	0.0000	0.0000
101356	7.0	2	1	1.3333	1.2778
101357	4.0	0	0	0.0000	0.0000
101358	1.0	87	1	21.7500	23.5625
101359	1.0	0	0	0.0000	0.0000
10136	1.0	0	0	0.0000	0.0000
101360	1.0	0	0	0.0000	0.0000
101361	1.0	1	1	0.2500	0.0625
101362	1.0	0	0	0.0000	0.0000
101363	1.0	0	0	0.0000	0.0000
101364	1.0	0	0	0.0000	0.0000
101365	1.0	0	0	0.0000	0.0000
101366	1.0	0	0	0.0000	0.0000
101367	2.0	5	1	1.2000	2.1733
101368	8.0	27	3	9.0000	16.2500
101369	2.0	7	0	4.5000	5.7500
10137	7.0	1	1	0.5000	0.7500
101370	1.0	1	1	1.0000	1.0000
101371	1.0	1	1	0.2000	0.2567
101372	1.0	0	0	0.0000	0.0000
101373	3.0	0	0	0.0000	0.0000
101374	28.0	91	5	33.9167	57.6181
101375	1.0	0	0	0.0000	0.0000
101376	1.0	0	0	0.0000	0.0000
101377	1.0	5	1	5.0000	5.0000
101378	1.0	0	0	0.0000	0.0000
101379	1.0	0	0	0.0000	0.0000
10138	2.0	0	0	0.0000	0.0000
101380	1.0	1	1	1.0000	1.0000
101381	1.0	21	1	5.2500	10.9375
101382	2.0	0	0	0.0000	0.0000
101383	1.0	0	0	0.0000	0.0000
101384	1.0	0	0	0.0000	0.0000
101385	2.0	2	1	1.0000	1.5000
101386	1.0	0	0	0.0000	0.0000
101387	1.0	0	0	0.0000	0.0000
101388	27.0	37	3	10.6262	8.1299
101389	2.0	1	1	0.3333	0.2778
10139	2.0	1	1	0.3333	0.6111
101390	1.0	0	0	0.0000	0.0000
101391	6.0	4	1	2.5000	1.7500
101392	1.0	12	1	4.0000	3.3333
101393	1.0	0	0	0.0000	0.0000
101394	9.0	13	2	3.3810	4.3183
101395	1.0	0	0	0.0000	0.0000
101396	1.0	0	0	0.0000	0.0000
101397	1.0	0	0	0.0000	0.0000
101398	6.0	4	2	1.6667	2.0556
101399	1.0	0	0	0.0000	0.0000
1014	1.0	0	0	0.0000	0.0000
10140	1.0	0	0	0.0000	0.0000
101400	1.0	2	1	1.0000	0.5000
101401	29.0	34	4	7.9833	8.0286
101402	3.0	0	0	0.0000	0.0000
101403	1.0	1	1	0.3333	0.2778
101404	5.0	10	1	2.0000	2.5667
101405	2.0	1	1	0.5000	0.7500
101406	2.0	2	1	0.5000	0.2917
101407	1.0	0	0	0.0000	0.0000
101408	1.0	2	1	1.0000	1.5000
101409	1.0	0	0	0.0000	0.0000
10141	1.0	1	1	0.2500	0.2708
101410	2.0	2	1	0.5000	0.5417
101411	1.0	0	0	0.0000	0.0000
101412	1.0	11	1	2.7500	0.6875
101413	1.0	0	0	0.0000	0.0000
101414	135.0	1814	20	684.9750	410.3271
101415	1.0	0	0	0.0000	0.0000
101416	1.0	0	0	0.0000	0.0000
101417	3.0	6	1	2.7500	1.5208
101418	2.0	1	1	0.5000	0.2500
101419	1.0	0	0	0.0000	0.0000
10142	1.0	3	1	1.5000	0.7500
101420	1.0	0	0	0.0000	0.0000
101421	1.0	0	0	0.0000	0.0000
101422	1.0	0	0	0.0000	0.0000
101423	35.0	127	7	48.8000	33.2850
101424	1.0	2	1	0.5000	1.0417
101425	1.0	0	0	0.0000	0.0000
101426	2.0	0	0	0.0000	0.0000
101427	1.0	0	0	0.0000	0.0000
101428	1.0	9	1	0.6923	0.1739
101429	2.0	0	0	0.0000	0.0000
10143	1.0	0	0	0.0000	0.0000
101430	1.0	0	0	0.0000	0.0000
101431	4.0	0	0	0.0000	0.0000
101432	1.0	1	1	0.2000	0.1567
101433	1.0	0	0	0.0000	0.0000
101434	1.0	0	0	0.0000	0.0000
101435	2.0	0	0	0.0000	0.0000
101436	1.0	1	1	0.2000	0.0900
101437	1.0	0	0	0.0000	0.0000
101438	1.0	0	0	0.0000	0.0000
101439	1.0	1	1	0.2500	0.0625
10144	1.0	22	1	2.7500	3.3491
101440	1.0	0	0	0.0000	0.0000
101441	2.0	1	1	1.0000	1.0000
101442	1.0	1	1	0.3333	0.6111
101443	3.0	1	1	0.3333	0.2778
101444	2.0	0	0	0.0000	0.0000
101445	1.0	0	0	0.0000	0.0000
101446	1.0	0	0	0.0000	0.0000
101447	1.0	0	0	0.0000	0.0000
101448	1.0	0	0	0.0000	0.0000
101449	1.0	1	1	0.3333	0.2778
10145	1.0	5	1	5.0000	5.0000
101450	2.0	3	1	1.0000	1.1667
101451	1.0	0	0	0.0000	0.0000
101452	2.0	2	1	0.6667	0.2222
101453	1.0	12	1	2.4000	1.0800
101454	1.0	1	1	0.3333	0.1111
101455	2.0	0	0	0.0000	0.0000
101456	1.0	0	0	0.0000	0.0000
101457	2.0	0	0	0.0000	0.0000
101458	1.0	0	0	0.0000	0.0000
101459	3.0	11	1	5.3333	7.6111
10146	1.0	0	0	0.0000	0.0000
101460	1.0	1	1	0.3333	0.6111
101461	2.0	0	0	0.0000	0.0000
101462	1.0	0	0	0.0000	0.0000
101463	1.0	0	0	0.0000	0.0000
101464	1.0	2	1	0.5000	0.5417
101465	1.0	0	0	0.0000	0.0000
101466	1.0	0	0	0.0000	0.0000
101467	1.0	0	0	0.0000	0.0000
101468	1.0	0	0	0.0000	0.0000
101469	10.0	2	1	0.6667	1.2222
10147	1.0	0	0	0.0000	0.0000
101470	2.0	14	0	10.0000	12.0000
101471	1.0	1	1	0.2500	0.5208
101472	6.0	3	1	3.0000	3.0000
101473	20.0	3	1	0.6500	0.3258
101474	1.0	1	1	0.2000	0.0900
101475	9.0	0	0	0.0000	0.0000
101476	1.0	0	0	0.0000	0.0000
101477	1.0	0	0	0.0000	0.0000
101478	9.0	18	2	16.0000	15.0000
101479	1.0	0	0	0.0000	0.0000
10148	1.0	1	1	0.2500	0.0625
101480	16.0	10	2	2.7333	0.7744
101481	1.0	0	0	0.0000	0.0000
101482	2.0	0	0	0.0000	0.0000
101483	8.0	101	4	49.8333	65.3611
101484	4.0	84	2	14.3333	5.8222
101485	1.0	4	1	1.3333	0.4444
101486	1.0	0	0	0.0000	0.0000
101487	2.0	0	0	0.0000	0.0000
101488	1.0	0	0	0.0000	0.0000
101489	1.0	0	0	0.0000	0.0000
10149	1.0	0	0	0.0000	0.0000
101490	3.0	0	0	0.0000	0.0000
101491	2.0	1	1	0.2000	0.2567
101492	1.0	0	0	0.0000	0.0000
101493	2.0	0	0	0.0000	0.0000
101494	1.0	0	0	0.0000	0.0000
101495	1.0	0	0	0.0000	0.0000
101496	1.0	0	0	0.0000	0.0000
101497	1.0	4	1	0.8000	0.1600
101498	1.0	0	0	0.0000	0.0000
101499	2.0	0	0	0.0000	0.0000
1015	1.0	0	0	0.0000	0.0000
10150	1.0	0	0	0.0000	0.0000
101500	1.0	2	1	0.3333	0.0556
101501	1.0	0	0	0.0000	0.0000
101502	1.0	2	1	1.0000	0.5000
101503	1.0	13	1	13.0000	13.0000
101504	1.0	0	0	0.0000	0.0000
101505	3.0	9	2	1.8000	4.1100
101506	2.0	11	0	3.4167	1.3264
101507	7.0	5	1	1.2500	1.3542
101508	1.0	1	1	0.1667	0.1028
101509	32.0	16	2	9.8333	8.0278
10151	1.0	0	0	0.0000	0.0000
101510	1.0	1	1	0.3333	0.1111
101511	1.0	0	0	0.0000	0.0000
101512	1.0	0	0	0.0000	0.0000
101513	1.0	1	1	0.2500	0.2708
101514	1.0	0	0	0.0000	0.0000
101515	1.0	0	0	0.0000	0.0000
101516	3.0	1	1	0.3333	0.6111
101517	1.0	0	0	0.0000	0.0000
101518	1.0	0	0	0.0000	0.0000
101519	1.0	4	1	2.0000	3.0000
10152	1.0	3	1	0.7500	0.4375
101520	1.0	0	0	0.0000	0.0000
101521	1.0	0	0	0.0000	0.0000
101522	1.0	0	0	0.0000	0.0000
101523	1.0	0	0	0.0000	0.0000
101524	1.0	0	0	0.0000	0.0000
101525	2.0	0	0	0.0000	0.0000
101526	1.0	0	0	0.0000	0.0000
101527	2.0	1	1	0.3333	0.2778
101528	1.0	0	0	0.0000	0.0000
101529	1.0	0	0	0.0000	0.0000
10153	1.0	0	0	0.0000	0.0000
101530	5.0	4	1	1.5833	1.8403
101531	1.0	0	0	0.0000	0.0000
101532	1.0	0	0	0.0000	0.0000
101533	2.0	0	0	0.0000	0.0000
101534	1.0	3	1	0.3750	0.1004
101535	1.0	0	0	0.0000	0.0000
101536	1.0	0	0	0.0000	0.0000
101537	3.0	1	1	0.2500	0.5208
101538	1.0	0	0	0.0000	0.0000
101539	1.0	3	1	1.5000	0.7500
10154	1.0	0	0	0.0000	0.0000
101540	1.0	0	0	0.0000	0.0000
101541	1.0	0	0	0.0000	0.0000
101542	2.0	1	1	0.1667	0.1583
101543	1.0	0	0	0.0000	0.0000
101544	3.0	2	1	0.4000	0.1800
101545	1.0	1	1	0.1429	0.0442
101546	1.0	0	0	0.0000	0.0000
101547	1.0	0	0	0.0000	0.0000
101548	4.0	0	0	0.0000	0.0000
101549	1.0	0	0	0.0000	0.0000
10155	1.0	0	0	0.0000	0.0000
101550	1.0	0	0	0.0000	0.0000
101551	1.0	0	0	0.0000	0.0000
101552	5.0	5	1	0.9000	1.2383
101553	1.0	0	0	0.0000	0.0000
101554	1.0	0	0	0.0000	0.0000
101555	1.0	0	0	0.0000	0.0000
101556	1.0	0	0	0.0000	0.0000
101557	1.0	0	0	0.0000	0.0000
101558	3.0	0	0	0.0000	0.0000
101559	1.0	0	0	0.0000	0.0000
10156	1.0	0	0	0.0000	0.0000
101560	1.0	0	0	0.0000	0.0000
101561	2.0	0	0	0.0000	0.0000
101562	3.0	2	1	0.8333	0.5278
101563	2.0	0	0	0.0000	0.0000
101564	1.0	0	0	0.0000	0.0000
101565	1.0	0	0	0.0000	0.0000
101566	7.0	3	1	0.9167	1.7431
101567	1.0	0	0	0.0000	0.0000
101568	1.0	0	0	0.0000	0.0000
101569	1.0	1	1	0.2500	0.2708
10157	1.0	1	1	0.1000	0.0100
101570	1.0	0	0	0.0000	0.0000
101571	1.0	0	0	0.0000	0.0000
101572	1.0	2	1	0.2857	0.3122
101573	1.0	2	1	0.5000	0.5417
101574	1.0	0	0	0.0000	0.0000
101575	1.0	2	1	0.6667	1.2222
101576	1.0	0	0	0.0000	0.0000
101577	1.0	0	0	0.0000	0.0000
101578	1.0	0	0	0.0000	0.0000
101579	1.0	0	0	0.0000	0.0000
10158	1.0	0	0	0.0000	0.0000
101580	2.0	0	0	0.0000	0.0000
101581	1.0	0	0	0.0000	0.0000
101582	1.0	0	0	0.0000	0.0000
101583	3.0	1	1	0.3333	0.6111
101584	2.0	0	0	0.0000	0.0000
101585	1.0	0	0	0.0000	0.0000
101586	1.0	0	0	0.0000	0.0000
101587	4.0	1	1	0.3333	0.1111
101588	2.0	0	0	0.0000	0.0000
101589	1.0	0	0	0.0000	0.0000
10159	1.0	1	1	0.2500	0.2708
101590	2.0	0	0	0.0000	0.0000
101591	2.0	0	0	0.0000	0.0000
101592	8.0	5	1	2.1667	2.9722
101593	1.0	0	0	0.0000	0.0000
101594	1.0	0	0	0.0000	0.0000
101595	2.0	1	1	0.3333	0.2778
101596	1.0	0	0	0.0000	0.0000
101597	1.0	0	0	0.0000	0.0000
101598	1.0	0	0	0.0000	0.0000
101599	1.0	0	0	0.0000	0.0000
1016	1.0	0	0	0.0000	0.0000
10160	1.0	0	0	0.0000	0.0000
101600	1.0	0	0	0.0000	0.0000
101601	1.0	0	0	0.0000	0.0000
101602	1.0	0	0	0.0000	0.0000
101603	2.0	0	0	0.0000	0.0000
101604	4.0	6	1	0.6111	0.3223
101605	1.0	0	0	0.0000	0.0000
101606	1.0	0	0	0.0000	0.0000
101607	1.0	1	1	0.1667	0.0611
101608	1.0	0	0	0.0000	0.0000
101609	7.0	1	1	0.5000	0.7500
10161	1.0	0	0	0.0000	0.0000
101610	1.0	0	0	0.0000	0.0000
101611	1.0	0	0	0.0000	0.0000
101612	1.0	0	0	0.0000	0.0000
101613	1.0	1	1	0.2500	0.2708
101614	1.0	0	0	0.0000	0.0000
101615	1.0	0	0	0.0000	0.0000
101616	1.0	1	1	0.3333	0.1111
101617	1.0	1	1	0.2000	0.0900
101618	1.0	0	0	0.0000	0.0000
101619	1.0	0	0	0.0000	0.0000
10162	1.0	0	0	0.0000	0.0000
101620	1.0	0	0	0.0000	0.0000
101621	1.0	1	1	0.3333	0.1111
101622	1.0	0	0	0.0000	0.0000
101623	1.0	15	1	3.7500	0.9375
101624	6.0	43	3	11.3333	18.2944
101625	4.0	35	3	17.5000	26.2500
101626	1.0	37	1	3.7000	3.1288
101627	1.0	0	0	0.0000	0.0000
101628	1.0	0	0	0.0000	0.0000
101629	1.0	0	0	0.0000	0.0000
10163	1.0	0	0	0.0000	0.0000
101630	3.0	0	0	0.0000	0.0000
101631	1.0	0	0	0.0000	0.0000
101632	2.0	0	0	0.0000	0.0000
101633	7.0	7	2	4.8333	5.8611
101634	3.0	0	0	0.0000	0.0000
101635	1.0	0	0	0.0000	0.0000
101636	1.0	0	0	0.0000	0.0000
101637	9.0	159	4	25.2500	15.2056
101638	3.0	1	1	0.5000	0.7500
101639	1.0	0	0	0.0000	0.0000
10164	5.0	40	3	16.4294	16.4954
101640	1.0	0	0	0.0000	0.0000
101641	2.0	1	1	0.3333	0.6111
101642	4.0	9	2	2.4000	2.6883
101643	1.0	0	0	0.0000	0.0000
101644	1.0	1	1	0.2500	0.5208
101645	1.0	0	0	0.0000	0.0000
101646	1.0	0	0	0.0000	0.0000
101647	3.0	0	0	0.0000	0.0000
101648	1.0	0	0	0.0000	0.0000
101649	1.0	1	1	0.5000	0.7500
10165	1.0	0	0	0.0000	0.0000
101650	2.0	0	0	0.0000	0.0000
101651	47.0	14	2	3.5333	4.2844
101652	2.0	6	0	2.4000	3.3133
101653	1.0	0	0	0.0000	0.0000
101654	1.0	0	0	0.0000	0.0000
101655	5.0	0	0	0.0000	0.0000
101656	118.0	580	12	218.6500	216.1758
101657	1.0	3	1	1.5000	2.2500
101658	4.0	13	2	6.5000	3.2500
101659	33.0	253	9	79.7500	111.8542
10166	5.0	8	1	1.2917	3.0106
101660	1.0	0	0	0.0000	0.0000
101661	1.0	0	0	0.0000	0.0000
101662	1.0	22	1	5.5000	5.9583
101663	27.0	103	7	29.9500	49.2692
101664	1.0	28	1	3.5000	2.2208
101665	3.0	2	1	0.3333	0.4833
101666	1.0	0	0	0.0000	0.0000
101667	6.0	30	3	9.9167	10.2431
101668	1.0	0	0	0.0000	0.0000
101669	1.0	0	0	0.0000	0.0000
10167	1.0	2	1	0.6667	1.2222
101670	1.0	1	1	1.0000	1.0000
101671	4.0	2	1	1.0000	1.0000
101672	1.0	0	0	0.0000	0.0000
101673	1.0	0	0	0.0000	0.0000
101674	4.0	18	3	3.7000	7.3150
101675	4.0	12	2	3.1500	3.3675
101676	3.0	0	0	0.0000	0.0000
101677	3.0	31	1	7.5833	8.6708
101678	6.0	7	2	2.6667	2.5556
101679	4.0	68	0	23.3333	41.9861
10168	15.0	25	3	10.5000	11.2694
101680	1.0	0	0	0.0000	0.0000
101681	3.0	33	2	16.5000	8.2500
101682	1.0	0	0	0.0000	0.0000
101683	16.0	3844	12	3828.5000	3835.5333
101684	1.0	1	1	0.2500	0.1458
101685	1.0	0	0	0.0000	0.0000
101686	2.0	7	1	2.3333	1.9444
101687	2.0	7	1	7.0000	7.0000
101688	1.0	0	0	0.0000	0.0000
101689	1.0	0	0	0.0000	0.0000
10169	1.0	0	0	0.0000	0.0000
101690	2.0	4	1	1.0000	0.7083
101691	1.0	0	0	0.0000	0.0000
101692	2.0	0	0	0.0000	0.0000
101693	1.0	1	1	0.2500	0.1458
101694	1.0	0	0	0.0000	0.0000
101695	4.0	26	2	5.9500	1.3775
101696	53.0	237	9	78.3167	96.4731
101697	1.0	0	0	0.0000	0.0000
101698	1.0	0	0	0.0000	0.0000
101699	1.0	0	0	0.0000	0.0000
1017	7.0	257	5	35.8127	47.6475
10170	1.0	0	0	0.0000	0.0000
101700	1.0	5	1	5.0000	5.0000
101701	1.0	0	0	0.0000	0.0000
101702	1.0	1	1	1.0000	1.0000
101703	2.0	0	0	0.0000	0.0000
101704	1.0	2	1	0.3333	0.1222
101705	1.0	0	0	0.0000	0.0000
101706	1.0	0	0	0.0000	0.0000
101707	1.0	0	0	0.0000	0.0000
101708	1.0	0	0	0.0000	0.0000
101709	1.0	0	0	0.0000	0.0000
10171	2.0	0	0	0.0000	0.0000
101710	1.0	0	0	0.0000	0.0000
101711	1.0	0	0	0.0000	0.0000
101712	8.0	30	4	7.8667	3.6956
101713	1.0	1	1	0.2500	0.0625
101714	1.0	143	1	47.6667	15.8889
101715	3.0	2	1	1.0000	0.5000
101716	1.0	0	0	0.0000	0.0000
101717	1.0	8	1	4.0000	2.0000
101718	1.0	0	0	0.0000	0.0000
101719	1.0	0	0	0.0000	0.0000
10172	1.0	0	0	0.0000	0.0000
101720	1.0	0	0	0.0000	0.0000
101721	1.0	0	0	0.0000	0.0000
101722	1.0	1	1	0.3333	0.2778
101723	1.0	0	0	0.0000	0.0000
101724	1.0	0	0	0.0000	0.0000
101725	1.0	0	0	0.0000	0.0000
101726	1.0	0	0	0.0000	0.0000
101727	2.0	2	1	0.6667	0.5556
101728	1.0	0	0	0.0000	0.0000
101729	3.0	0	0	0.0000	0.0000
10173	1.0	0	0	0.0000	0.0000
101730	3.0	0	0	0.0000	0.0000
101731	9.0	65	3	27.5000	21.7500
101732	6.0	12	2	10.1667	10.3056
101733	2.0	1	1	1.0000	1.0000
101734	5.0	44	3	15.0833	7.3576
101735	1.0	0	0	0.0000	0.0000
101736	28.0	67	4	38.5000	42.7500
101737	4.0	48	2	18.0000	13.0000
101738	1.0	0	0	0.0000	0.0000
101739	4.0	5	2	0.6190	0.3727
10174	2.0	9	0	4.5000	2.2500
101740	2.0	1	1	0.3333	0.1111
101741	1.0	6	1	3.0000	4.5000
101742	1.0	0	0	0.0000	0.0000
101743	1.0	0	0	0.0000	0.0000
101744	1.0	2	1	0.6667	1.2222
101745	1.0	0	0	0.0000	0.0000
101746	1.0	0	0	0.0000	0.0000
101747	17.0	23	3	23.0000	23.0000
101748	1.0	0	0	0.0000	0.0000
101749	3.0	0	0	0.0000	0.0000
10175	1.0	16	1	8.0000	4.0000
101750	1.0	0	0	0.0000	0.0000
101751	8.0	0	0	0.0000	0.0000
101752	1.0	0	0	0.0000	0.0000
101753	2.0	33	0	5.5000	0.9167
101754	5.0	3	1	0.8333	1.6528
101755	3.0	1	1	0.2500	0.2708
101756	1.0	0	0	0.0000	0.0000
101757	1.0	0	0	0.0000	0.0000
101758	17.0	74	6	35.6667	24.0556
101759	53.0	770	12	196.5728	132.5912
10176	1.0	0	0	0.0000	0.0000
101760	1.0	9	1	4.5000	2.2500
101761	9.0	10	2	2.8333	3.7361
101762	1.0	0	0	0.0000	0.0000
101763	1.0	0	0	0.0000	0.0000
101764	3.0	45	1	22.5000	11.2500
101765	1.0	2	1	1.0000	0.5000
101766	2.0	0	0	0.0000	0.0000
101767	43.0	97	5	34.3333	35.4861
101768	1.0	0	0	0.0000	0.0000
101769	1.0	0	0	0.0000	0.0000
10177	1.0	0	0	0.0000	0.0000
101770	1.0	0	0	0.0000	0.0000
101771	1.0	0	0	0.0000	0.0000
101772	1.0	11	1	2.2000	0.4400
101773	1.0	0	0	0.0000	0.0000
101774	1.0	0	0	0.0000	0.0000
101775	1.0	0	0	0.0000	0.0000
101776	1.0	0	0	0.0000	0.0000
101777	1.0	0	0	0.0000	0.0000
101778	1.0	0	0	0.0000	0.0000
101779	1.0	0	0	0.0000	0.0000
10178	1.0	0	0	0.0000	0.0000
101780	2.0	0	0	0.0000	0.0000
101781	2.0	1	1	0.2000	0.4567
101782	1.0	0	0	0.0000	0.0000
101783	2.0	1	1	1.0000	1.0000
101784	5.0	3	1	1.2000	1.5900
101785	1.0	0	0	0.0000	0.0000
101786	1.0	0	0	0.0000	0.0000
101787	1.0	3	1	1.0000	0.3333
101788	1.0	0	0	0.0000	0.0000
101789	1.0	0	0	0.0000	0.0000
10179	1.0	0	0	0.0000	0.0000
101790	1.0	0	0	0.0000	0.0000
101791	1.0	0	0	0.0000	0.0000
101792	1.0	0	0	0.0000	0.0000
101793	1.0	0	0	0.0000	0.0000
101794	60.0	746	16	266.5833	323.7881
101795	1.0	0	0	0.0000	0.0000
101796	1.0	0	0	0.0000	0.0000
101797	1.0	0	0	0.0000	0.0000
101798	1.0	0	0	0.0000	0.0000
101799	1.0	0	0	0.0000	0.0000
1018	3.0	0	0	0.0000	0.0000
10180	2.0	17	1	4.2500	2.4792
101800	1.0	0	0	0.0000	0.0000
101801	117.0	504	11	355.6484	376.0381
101802	1.0	0	0	0.0000	0.0000
101803	1.0	0	0	0.0000	0.0000
101804	1.0	10	1	5.0000	2.5000
101805	1.0	0	0	0.0000	0.0000
101806	1.0	0	0	0.0000	0.0000
101807	7.0	48	3	4.3400	4.1368
101808	1.0	0	0	0.0000	0.0000
101809	1.0	0	0	0.0000	0.0000
10181	1.0	0	0	0.0000	0.0000
101810	1.0	0	0	0.0000	0.0000
101811	4.0	3	1	1.5000	0.7500
101812	1.0	0	0	0.0000	0.0000
101813	1.0	0	0	0.0000	0.0000
101814	1.0	0	0	0.0000	0.0000
101815	1.0	0	0	0.0000	0.0000
101816	2.0	0	0	0.0000	0.0000
101817	3.0	1	1	0.5000	0.7500
101818	16.0	88	5	43.9167	42.2431
101819	1.0	0	0	0.0000	0.0000
10182	1.0	12	1	3.0000	3.2500
101820	3.0	0	0	0.0000	0.0000
101821	1.0	1	1	1.0000	1.0000
101822	1.0	2	1	0.4000	0.1800
101823	3.0	1	1	0.3333	0.6111
101824	1.0	1	1	0.2000	0.2567
101825	4.0	7	2	1.2667	0.2311
101826	2.0	2	1	0.6667	1.2222
101827	12.0	134	6	37.6167	28.4414
101828	1.0	0	0	0.0000	0.0000
101829	1.0	1	1	0.5000	0.7500
10183	2.0	2	1	0.3333	0.1222
101830	1.0	0	0	0.0000	0.0000
101831	1.0	0	0	0.0000	0.0000
101832	1.0	0	0	0.0000	0.0000
101833	2.0	0	0	0.0000	0.0000
101834	1.0	0	0	0.0000	0.0000
101835	1.0	0	0	0.0000	0.0000
101836	1.0	0	0	0.0000	0.0000
101837	1.0	0	0	0.0000	0.0000
101838	4.0	3	1	0.8333	1.6306
101839	7.0	31	3	7.7500	9.6458
10184	1.0	0	0	0.0000	0.0000
101840	1.0	1	1	0.1667	0.1583
101841	2.0	4	1	1.1667	0.8944
101842	2.0	0	0	0.0000	0.0000
101843	1.0	0	0	0.0000	0.0000
101844	1.0	0	0	0.0000	0.0000
101845	3.0	2	1	2.0000	2.0000
101846	3.0	5	1	1.0000	2.2833
101847	3.0	15	1	3.7500	7.8125
101848	1.0	0	0	0.0000	0.0000
101849	1.0	0	0	0.0000	0.0000
10185	1.0	2	1	0.5000	0.1250
101850	1.0	0	0	0.0000	0.0000
101851	1.0	23	1	3.2857	3.5908
101852	1.0	0	0	0.0000	0.0000
101853	1.0	0	0	0.0000	0.0000
101854	1.0	1	1	0.3333	0.6111
101855	1.0	0	0	0.0000	0.0000
101856	2.0	1	1	0.5000	0.2500
101857	1.0	5	1	1.0000	0.7833
101858	3.0	4	1	1.8333	2.5278
101859	11.0	17	2	5.2833	4.1719
10186	1.0	0	0	0.0000	0.0000
101860	1.0	1	1	0.1250	0.2147
101861	1.0	0	0	0.0000	0.0000
101862	1.0	0	0	0.0000	0.0000
101863	2.0	0	0	0.0000	0.0000
101864	3.0	30	2	14.8333	8.8611
101865	1.0	0	0	0.0000	0.0000
101866	1.0	0	0	0.0000	0.0000
101867	1.0	0	0	0.0000	0.0000
101868	1.0	0	0	0.0000	0.0000
101869	1.0	2	1	0.6667	0.2222
10187	1.0	0	0	0.0000	0.0000
101870	3.0	15	1	5.1667	9.3056
101871	1.0	1	1	0.5000	0.7500
101872	2.0	0	0	0.0000	0.0000
101873	4.0	24	3	3.5152	2.9396
101874	5.0	7	2	0.8508	0.1559
101875	1.0	1	1	1.0000	1.0000
101876	1.0	1	1	0.2500	0.2708
101877	1.0	0	0	0.0000	0.0000
101878	1.0	0	0	0.0000	0.0000
101879	5.0	1	1	0.5000	0.7500
10188	1.0	0	0	0.0000	0.0000
101880	2.0	0	0	0.0000	0.0000
101881	1.0	0	0	0.0000	0.0000
101882	2.0	9	1	1.5000	0.9250
101883	1.0	0	0	0.0000	0.0000
101884	1.0	0	0	0.0000	0.0000
101885	5.0	0	0	0.0000	0.0000
101886	1.0	0	0	0.0000	0.0000
101887	2.0	2	1	0.2500	0.2211
101888	1.0	0	0	0.0000	0.0000
101889	1.0	0	0	0.0000	0.0000
10189	1.0	0	0	0.0000	0.0000
101890	19.0	136	7	59.1667	54.9722
101891	6.0	58	3	27.7500	35.8542
101892	1.0	0	0	0.0000	0.0000
101893	1.0	0	0	0.0000	0.0000
101894	1.0	0	0	0.0000	0.0000
101895	5.0	0	0	0.0000	0.0000
101896	7.0	12	2	2.3778	5.2454
101897	3.0	0	0	0.0000	0.0000
101898	10.0	1	1	0.3333	0.1111
101899	1.0	0	0	0.0000	0.0000
1019	4.0	1	1	0.2500	0.2708
10190	1.0	0	0	0.0000	0.0000
101900	1.0	1	1	0.2500	0.1458
101901	1.0	0	0	0.0000	0.0000
101902	1.0	0	0	0.0000	0.0000
101903	2.0	3	1	1.0000	1.8333
101904	3.0	0	0	0.0000	0.0000
101905	1.0	0	0	0.0000	0.0000
101906	1.0	0	0	0.0000	0.0000
101907	1.0	0	0	0.0000	0.0000
101908	1.0	0	0	0.0000	0.0000
101909	1.0	0	0	0.0000	0.0000
10191	3.0	21	0	5.4444	5.3351
101910	1.0	0	0	0.0000	0.0000
101911	1.0	0	0	0.0000	0.0000
101912	1.0	0	0	0.0000	0.0000
101913	1.0	0	0	0.0000	0.0000
101914	1.0	0	0	0.0000	0.0000
101915	1.0	0	0	0.0000	0.0000
101916	1.0	0	0	0.0000	0.0000
101917	1.0	0	0	0.0000	0.0000
101918	1.0	0	0	0.0000	0.0000
101919	5.0	7	2	1.1286	0.7488
10192	1.0	0	0	0.0000	0.0000
101920	1.0	0	0	0.0000	0.0000
101921	1.0	0	0	0.0000	0.0000
101922	8.0	5	1	1.8333	3.1944
101923	1.0	0	0	0.0000	0.0000
101924	2.0	0	0	0.0000	0.0000
101925	1.0	0	0	0.0000	0.0000
101926	1.0	0	0	0.0000	0.0000
101927	1.0	0	0	0.0000	0.0000
101928	1.0	0	0	0.0000	0.0000
101929	1.0	0	0	0.0000	0.0000
10193	1.0	0	0	0.0000	0.0000
101930	1.0	0	0	0.0000	0.0000
101931	1.0	0	0	0.0000	0.0000
101932	1.0	7	1	3.5000	5.2500
101933	1.0	0	0	0.0000	0.0000
101934	1.0	1	1	0.5000	0.7500
101935	5.0	0	0	0.0000	0.0000
101936	2.0	0	0	0.0000	0.0000
101937	1.0	9	1	4.5000	6.7500
101938	1.0	0	0	0.0000	0.0000
101939	1.0	0	0	0.0000	0.0000
10194	6.0	18	3	5.8500	5.3492
101940	1.0	0	0	0.0000	0.0000
101941	1.0	0	0	0.0000	0.0000
101942	1.0	0	0	0.0000	0.0000
101943	1.0	0	0	0.0000	0.0000
101944	1.0	1	1	0.2500	0.2708
101945	1.0	1	1	0.3333	0.1111
101946	3.0	0	0	0.0000	0.0000
101947	4.0	0	0	0.0000	0.0000
101948	1.0	1	1	0.5000	0.2500
101949	2.0	0	0	0.0000	0.0000
10195	1.0	0	0	0.0000	0.0000
101950	1.0	5	1	1.2500	0.7292
101951	1.0	1	1	0.2500	0.5208
101952	2.0	1	1	0.3333	0.1111
101953	20.0	17	3	10.8333	8.8611
101954	1.0	0	0	0.0000	0.0000
101955	2.0	3	1	1.5000	0.7500
101956	2.0	0	0	0.0000	0.0000
101957	2.0	0	0	0.0000	0.0000
101958	2.0	0	0	0.0000	0.0000
101959	3.0	3	1	1.5000	2.2500
10196	2.0	0	0	0.0000	0.0000
101960	4.0	3	1	1.5000	1.2500
101961	1.0	0	0	0.0000	0.0000
101962	1.0	1	1	0.3333	0.2778
101963	7.0	4	1	0.6429	1.0954
101964	1.0	0	0	0.0000	0.0000
101965	1.0	0	0	0.0000	0.0000
101966	1.0	0	0	0.0000	0.0000
101967	1.0	0	0	0.0000	0.0000
101968	1.0	0	0	0.0000	0.0000
101969	7.0	9	2	4.5000	2.7500
10197	1.0	3	1	0.7500	0.4375
101970	1.0	0	0	0.0000	0.0000
101971	1.0	0	0	0.0000	0.0000
101972	3.0	15	2	7.0000	5.9000
101973	1.0	0	0	0.0000	0.0000
101974	2.0	7	1	7.0000	7.0000
101975	1.0	0	0	0.0000	0.0000
101976	6.0	0	0	0.0000	0.0000
101977	1.0	16	1	8.0000	4.0000
101978	1.0	14	1	3.5000	0.8750
101979	1.0	0	0	0.0000	0.0000
10198	4.0	29	1	4.8333	7.0083
101980	1.0	1	1	0.5000	0.7500
101981	1.0	0	0	0.0000	0.0000
101982	1.0	0	0	0.0000	0.0000
101983	1.0	1	1	0.5000	0.2500
101984	2.0	9	0	2.2000	1.8733
101985	1.0	18	1	4.5000	9.3750
101986	1.0	0	0	0.0000	0.0000
101987	3.0	1	1	0.1429	0.0728
101988	1.0	0	0	0.0000	0.0000
101989	2.0	3	1	0.6000	0.5533
10199	1.0	0	0	0.0000	0.0000
101990	1.0	0	0	0.0000	0.0000
101991	1.0	0	0	0.0000	0.0000
101992	1.0	0	0	0.0000	0.0000
101993	5.0	4	1	2.0000	2.5000
101994	2.0	0	0	0.0000	0.0000
101995	2.0	3	1	0.5000	0.0833
101996	1.0	1	1	0.3333	0.2778
101997	2.0	0	0	0.0000	0.0000
101998	1.0	0	0	0.0000	0.0000
101999	1.0	0	0	0.0000	0.0000
102	5.0	8	2	3.0000	3.7145
1020	1.0	0	0	0.0000	0.0000
10200	1.0	12	1	6.0000	9.0000
102000	1.0	0	0	0.0000	0.0000
102001	2.0	0	0	0.0000	0.0000
102002	2.0	0	0	0.0000	0.0000
102003	1.0	0	0	0.0000	0.0000
102004	4.0	2	1	1.0000	1.5000
102005	4.0	1	1	0.3333	0.6111
102006	1.0	3	1	0.6000	0.1200
102007	1.0	0	0	0.0000	0.0000
102008	1.0	3	1	0.5000	1.2250
102009	1.0	0	0	0.0000	0.0000
10201	1.0	0	0	0.0000	0.0000
102010	2.0	0	0	0.0000	0.0000
102011	1.0	0	0	0.0000	0.0000
102012	1.0	1	1	0.3333	0.6111
102013	1.0	0	0	0.0000	0.0000
102014	1.0	0	0	0.0000	0.0000
102015	1.0	1	1	0.2500	0.0625
102016	1.0	0	0	0.0000	0.0000
102017	1.0	0	0	0.0000	0.0000
102018	2.0	1	1	0.2500	0.5208
102019	2.0	0	0	0.0000	0.0000
10202	1.0	1	1	0.1667	0.1028
102020	1.0	0	0	0.0000	0.0000
102021	1.0	0	0	0.0000	0.0000
102022	2.0	0	0	0.0000	0.0000
102023	1.0	0	0	0.0000	0.0000
102024	1.0	0	0	0.0000	0.0000
102025	1.0	0	0	0.0000	0.0000
102026	1.0	1	1	0.3333	0.6111
102027	1.0	0	0	0.0000	0.0000
102028	1.0	0	0	0.0000	0.0000
102029	2.0	0	0	0.0000	0.0000
10203	1.0	0	0	0.0000	0.0000
102030	4.0	2	1	0.3667	0.4844
102031	2.0	5	1	1.6667	0.5556
102032	2.0	0	0	0.0000	0.0000
102033	1.0	0	0	0.0000	0.0000
102034	2.0	9	1	3.0000	5.5000
102035	1.0	0	0	0.0000	0.0000
102036	6.0	3	1	0.7500	1.5625
102037	1.0	3	1	1.5000	0.7500
102038	1.0	0	0	0.0000	0.0000
102039	1.0	0	0	0.0000	0.0000
10204	6.0	0	0	0.0000	0.0000
102040	3.0	2	1	0.4000	0.3133
102041	2.0	0	0	0.0000	0.0000
102042	2.0	0	0	0.0000	0.0000
102043	7.0	5	1	1.1944	0.9185
102044	1.0	0	0	0.0000	0.0000
102045	1.0	3	1	1.0000	1.8333
102046	9.0	20	3	7.1833	3.5742
102047	1.0	0	0	0.0000	0.0000
102048	1.0	0	0	0.0000	0.0000
102049	1.0	0	0	0.0000	0.0000
10205	1.0	0	0	0.0000	0.0000
102050	1.0	0	0	0.0000	0.0000
102051	7.0	18	2	10.6667	8.7222
102052	1.0	0	0	0.0000	0.0000
102053	1.0	0	0	0.0000	0.0000
102054	1.0	6	1	6.0000	6.0000
102055	1.0	1	1	1.0000	1.0000
102056	2.0	0	0	0.0000	0.0000
102057	10.0	57	3	14.3000	27.1850
102058	2.0	0	0	0.0000	0.0000
102059	1.0	0	0	0.0000	0.0000
10206	2.0	1	1	0.2500	0.2708
102060	4.0	11	3	4.5000	4.0000
102061	1.0	0	0	0.0000	0.0000
102062	1.0	0	0	0.0000	0.0000
102063	2.0	1	1	0.1667	0.0278
102064	2.0	0	0	0.0000	0.0000
102065	1.0	2	1	0.5000	1.0417
102066	1.0	3	1	0.3333	0.1263
102067	1.0	0	0	0.0000	0.0000
102068	2.0	0	0	0.0000	0.0000
102069	2.0	0	0	0.0000	0.0000
10207	1.0	6	1	2.0000	1.6667
102070	1.0	0	0	0.0000	0.0000
102071	1.0	1	1	0.2500	0.2708
102072	2.0	3	1	0.9000	1.2633
102073	1.0	0	0	0.0000	0.0000
102074	1.0	0	0	0.0000	0.0000
102075	1.0	2	1	1.0000	1.5000
102076	1.0	15	1	5.0000	4.1667
102077	4.0	8	2	2.1333	3.4711
102078	1.0	0	0	0.0000	0.0000
102079	3.0	0	0	0.0000	0.0000
10208	1.0	0	0	0.0000	0.0000
102080	1.0	4	1	1.0000	1.0833
102081	1.0	4	1	1.0000	1.0833
102082	1.0	0	0	0.0000	0.0000
102083	1.0	0	0	0.0000	0.0000
102084	1.0	4	1	0.8000	0.6267
102085	1.0	1	1	0.3333	0.6111
102086	1.0	0	0	0.0000	0.0000
102087	1.0	10	1	5.0000	2.5000
102088	1.0	0	0	0.0000	0.0000
102089	2.0	3	1	1.5000	2.2500
10209	1.0	0	0	0.0000	0.0000
102090	1.0	0	0	0.0000	0.0000
102091	1.0	0	0	0.0000	0.0000
102092	1.0	0	0	0.0000	0.0000
102093	1.0	0	0	0.0000	0.0000
102094	1.0	0	0	0.0000	0.0000
102095	1.0	0	0	0.0000	0.0000
102096	1.0	0	0	0.0000	0.0000
102097	1.0	0	0	0.0000	0.0000
102098	1.0	0	0	0.0000	0.0000
102099	2.0	1	1	0.5000	0.7500
1021	3.0	0	0	0.0000	0.0000
10210	1.0	0	0	0.0000	0.0000
102100	1.0	6	1	1.2000	0.9400
102101	3.0	12	2	2.5214	1.9115
102102	2.0	4	1	1.2500	2.3542
102103	2.0	3	1	0.8667	1.6789
102104	1.0	0	0	0.0000	0.0000
102105	1.0	0	0	0.0000	0.0000
102106	1.0	0	0	0.0000	0.0000
102107	1.0	0	0	0.0000	0.0000
102108	1.0	0	0	0.0000	0.0000
102109	3.0	0	0	0.0000	0.0000
10211	1.0	2	1	0.6667	1.2222
102110	1.0	0	0	0.0000	0.0000
102111	40.0	146	7	38.4056	47.7904
102112	1.0	0	0	0.0000	0.0000
102113	3.0	0	0	0.0000	0.0000
102114	2.0	0	0	0.0000	0.0000
102115	2.0	7	0	1.5000	2.4306
102116	1.0	0	0	0.0000	0.0000
102117	1.0	0	0	0.0000	0.0000
102118	1.0	16	1	2.6667	0.4444
102119	1.0	1	1	1.0000	1.0000
10212	1.0	0	0	0.0000	0.0000
102120	1.0	0	0	0.0000	0.0000
102121	1.0	0	0	0.0000	0.0000
102122	1.0	2	1	0.5000	0.2917
102123	1.0	0	0	0.0000	0.0000
102124	1.0	4	1	2.0000	3.0000
102125	1.0	0	0	0.0000	0.0000
102126	1.0	0	0	0.0000	0.0000
102127	2.0	0	0	0.0000	0.0000
102128	1.0	16	1	5.3333	4.4444
102129	4.0	7	2	2.3333	4.2778
10213	1.0	2	1	0.2857	0.7408
102130	2.0	1	1	0.2500	0.1458
102131	1.0	0	0	0.0000	0.0000
102132	1.0	24	1	12.0000	18.0000
102133	1.0	0	0	0.0000	0.0000
102134	1.0	2	1	1.0000	0.5000
102135	2.0	2	1	1.0000	0.5000
102136	1.0	0	0	0.0000	0.0000
102137	1.0	2	1	0.6667	1.2222
102138	3.0	0	0	0.0000	0.0000
102139	1.0	0	0	0.0000	0.0000
10214	1.0	6	1	0.8571	0.9367
102140	1.0	3	1	0.7500	1.5625
102141	3.0	9	2	1.8000	0.7100
102142	1.0	0	0	0.0000	0.0000
102143	1.0	1	1	0.3333	0.6111
102144	21.0	3	1	3.0000	3.0000
102145	2.0	0	0	0.0000	0.0000
102146	5.0	0	0	0.0000	0.0000
102147	1.0	0	0	0.0000	0.0000
102148	99.0	1161	17	378.6786	527.6005
102149	1.0	1	1	0.2500	0.0625
10215	3.0	40	2	12.5333	5.3178
102150	1.0	0	0	0.0000	0.0000
102151	1.0	0	0	0.0000	0.0000
102152	1.0	0	0	0.0000	0.0000
102153	10.0	43	4	27.3333	34.2778
102154	1.0	1	1	0.5000	0.7500
102155	1.0	0	0	0.0000	0.0000
102156	2.0	1	1	0.1667	0.2417
102157	2.0	1	1	0.3333	0.6111
102158	1.0	0	0	0.0000	0.0000
102159	3.0	7	1	1.8571	1.6510
10216	21.0	503	10	147.3571	195.0629
102160	1.0	0	0	0.0000	0.0000
102161	1.0	0	0	0.0000	0.0000
102162	1.0	0	0	0.0000	0.0000
102163	1.0	0	0	0.0000	0.0000
102164	1.0	0	0	0.0000	0.0000
102165	3.0	0	0	0.0000	0.0000
102166	1.0	0	0	0.0000	0.0000
102167	3.0	0	0	0.0000	0.0000
102168	2.0	3	1	0.3750	0.1004
102169	2.0	2	1	0.5000	0.1250
10217	3.0	0	0	0.0000	0.0000
102170	1.0	0	0	0.0000	0.0000
102171	1.0	0	0	0.0000	0.0000
102172	9.0	358	8	111.6667	209.5833
102173	1.0	0	0	0.0000	0.0000
102174	1.0	1	1	0.1250	0.0156
102175	1.0	0	0	0.0000	0.0000
102176	1.0	219	1	54.7500	59.3125
102177	2.0	1	1	0.1429	0.2276
102178	1.0	0	0	0.0000	0.0000
102179	1.0	9	1	3.0000	5.5000
10218	5.0	8	2	4.0000	6.0000
102180	1.0	0	0	0.0000	0.0000
102181	1.0	0	0	0.0000	0.0000
102182	1.0	0	0	0.0000	0.0000
102183	1.0	0	0	0.0000	0.0000
102184	6.0	2	1	0.6667	0.3111
102185	2.0	0	0	0.0000	0.0000
102186	1.0	0	0	0.0000	0.0000
102187	1.0	6	1	6.0000	6.0000
102188	1.0	0	0	0.0000	0.0000
102189	1.0	2	1	0.3333	0.8167
10219	55.0	340	8	107.8667	61.0428
102190	1.0	1	1	0.1667	0.0278
102191	1.0	1	1	0.5000	0.7500
102192	1.0	0	0	0.0000	0.0000
102193	1.0	0	0	0.0000	0.0000
102194	2.0	2	1	1.0000	0.5000
102195	2.0	0	0	0.0000	0.0000
102196	1.0	2	1	0.6667	1.2222
102197	15.0	44	4	15.2048	7.5646
102198	1.0	1	1	0.3333	0.1111
102199	1.0	0	0	0.0000	0.0000
1022	2.0	0	0	0.0000	0.0000
10220	1.0	0	0	0.0000	0.0000
102200	1.0	0	0	0.0000	0.0000
102201	1.0	0	0	0.0000	0.0000
102202	2.0	0	0	0.0000	0.0000
102203	1.0	0	0	0.0000	0.0000
102204	1.0	0	0	0.0000	0.0000
102205	1.0	0	0	0.0000	0.0000
102206	1.0	0	0	0.0000	0.0000
102207	4.0	2	1	0.6667	0.5556
102208	1.0	0	0	0.0000	0.0000
102209	1.0	0	0	0.0000	0.0000
10221	2.0	3	1	3.0000	3.0000
102210	7.0	2	1	0.5333	1.0678
102211	2.0	0	0	0.0000	0.0000
102212	1.0	1	1	0.3333	0.1111
102213	1.0	0	0	0.0000	0.0000
102214	1.0	0	0	0.0000	0.0000
102215	1.0	1	1	0.2500	0.1458
102216	3.0	17	1	5.5333	10.2344
102217	1.0	0	0	0.0000	0.0000
102218	1.0	0	0	0.0000	0.0000
102219	1.0	0	0	0.0000	0.0000
10222	1.0	0	0	0.0000	0.0000
102220	1.0	2	1	0.6667	0.5556
102221	1.0	0	0	0.0000	0.0000
102222	21.0	12	2	2.0402	1.6343
102223	3.0	2	1	1.0000	1.5000
102224	2.0	11	0	3.6667	4.7222
102225	1.0	1	1	0.1667	0.0611
102226	3.0	0	0	0.0000	0.0000
102227	2.0	0	0	0.0000	0.0000
102228	1.0	0	0	0.0000	0.0000
102229	1.0	0	0	0.0000	0.0000
10223	1.0	0	0	0.0000	0.0000
102230	1.0	0	0	0.0000	0.0000
102231	4.0	4	1	0.6667	0.2444
102232	2.0	0	0	0.0000	0.0000
102233	1.0	4	1	1.0000	0.2500
102234	1.0	0	0	0.0000	0.0000
102235	2.0	0	0	0.0000	0.0000
102236	2.0	3	1	1.5000	0.7500
102237	1.0	0	0	0.0000	0.0000
102238	1.0	0	0	0.0000	0.0000
102239	1.0	0	0	0.0000	0.0000
10224	1.0	13	1	4.3333	1.4444
102240	2.0	0	0	0.0000	0.0000
102241	1.0	0	0	0.0000	0.0000
102242	5.0	0	0	0.0000	0.0000
102243	2.0	0	0	0.0000	0.0000
102244	1.0	0	0	0.0000	0.0000
102245	1.0	1	1	0.5000	0.2500
102246	1.0	0	0	0.0000	0.0000
102247	1.0	1	1	0.2500	0.5208
102248	1.0	0	0	0.0000	0.0000
102249	1.0	0	0	0.0000	0.0000
10225	1.0	1	1	0.5000	0.7500
102250	2.0	0	0	0.0000	0.0000
102251	1.0	0	0	0.0000	0.0000
102252	2.0	0	0	0.0000	0.0000
102253	2.0	0	0	0.0000	0.0000
102254	1.0	0	0	0.0000	0.0000
102255	1.0	0	0	0.0000	0.0000
102256	1.0	1	1	0.2500	0.5208
102257	1.0	0	0	0.0000	0.0000
102258	1.0	0	0	0.0000	0.0000
102259	2.0	1	1	0.5000	0.7500
10226	1.0	0	0	0.0000	0.0000
102260	1.0	0	0	0.0000	0.0000
102261	1.0	0	0	0.0000	0.0000
102262	1.0	0	0	0.0000	0.0000
102263	1.0	0	0	0.0000	0.0000
102264	1.0	0	0	0.0000	0.0000
102265	2.0	0	0	0.0000	0.0000
102266	1.0	1	1	0.5000	0.7500
102267	5.0	3	1	0.5667	0.8161
102268	1.0	0	0	0.0000	0.0000
102269	1.0	0	0	0.0000	0.0000
10227	1.0	1	1	0.3333	0.6111
102270	1.0	0	0	0.0000	0.0000
102271	4.0	0	0	0.0000	0.0000
102272	1.0	0	0	0.0000	0.0000
102273	2.0	0	0	0.0000	0.0000
102274	1.0	0	0	0.0000	0.0000
102275	1.0	0	0	0.0000	0.0000
102276	1.0	0	0	0.0000	0.0000
102277	1.0	0	0	0.0000	0.0000
102278	1.0	0	0	0.0000	0.0000
102279	1.0	0	0	0.0000	0.0000
10228	1.0	1	1	0.3333	0.6111
102280	1.0	0	0	0.0000	0.0000
102281	2.0	3	1	0.9000	1.2633
102282	1.0	0	0	0.0000	0.0000
102283	3.0	2	1	0.4500	0.1025
102284	1.0	0	0	0.0000	0.0000
102285	3.0	0	0	0.0000	0.0000
102286	2.0	1	1	0.1250	0.1522
102287	1.0	2	1	0.6667	0.5556
102288	1.0	0	0	0.0000	0.0000
102289	1.0	0	0	0.0000	0.0000
10229	1.0	0	0	0.0000	0.0000
102290	1.0	0	0	0.0000	0.0000
102291	9.0	13	2	2.6667	1.0194
102292	1.0	0	0	0.0000	0.0000
102293	1.0	0	0	0.0000	0.0000
102294	1.0	11	1	2.7500	1.6042
102295	1.0	1	1	0.2500	0.0625
102296	1.0	0	0	0.0000	0.0000
102297	2.0	0	0	0.0000	0.0000
102298	1.0	0	0	0.0000	0.0000
102299	1.0	7	1	1.7500	1.8958
1023	1.0	0	0	0.0000	0.0000
10230	1.0	1	1	0.2500	0.5208
102300	2.0	10	1	3.3333	6.1111
102301	1.0	0	0	0.0000	0.0000
102302	1.0	0	0	0.0000	0.0000
102303	1.0	0	0	0.0000	0.0000
102304	1.0	3	1	0.7500	1.5625
102305	1.0	0	0	0.0000	0.0000
102306	1.0	0	0	0.0000	0.0000
102307	1.0	0	0	0.0000	0.0000
102308	1.0	2	1	0.4000	0.3133
102309	1.0	0	0	0.0000	0.0000
10231	1.0	0	0	0.0000	0.0000
102310	1.0	1	1	0.2000	0.2567
102311	1.0	0	0	0.0000	0.0000
102312	1.0	0	0	0.0000	0.0000
102313	2.0	0	0	0.0000	0.0000
102314	1.0	0	0	0.0000	0.0000
102315	1.0	0	0	0.0000	0.0000
102316	1.0	0	0	0.0000	0.0000
102317	1.0	0	0	0.0000	0.0000
102318	1.0	0	0	0.0000	0.0000
102319	1.0	0	0	0.0000	0.0000
10232	1.0	1	1	0.2500	0.0625
102320	1.0	0	0	0.0000	0.0000
102321	1.0	0	0	0.0000	0.0000
102322	1.0	0	0	0.0000	0.0000
102323	1.0	0	0	0.0000	0.0000
102324	2.0	0	0	0.0000	0.0000
102325	2.0	1	1	0.3333	0.6111
102326	1.0	1	1	0.5000	0.2500
102327	1.0	0	0	0.0000	0.0000
102328	1.0	0	0	0.0000	0.0000
102329	3.0	0	0	0.0000	0.0000
10233	2.0	2	1	1.0000	0.5000
102330	1.0	0	0	0.0000	0.0000
102331	1.0	0	0	0.0000	0.0000
102332	1.0	1	1	0.3333	0.1111
102333	1.0	0	0	0.0000	0.0000
102334	1.0	0	0	0.0000	0.0000
102335	1.0	0	0	0.0000	0.0000
102336	1.0	0	0	0.0000	0.0000
102337	1.0	0	0	0.0000	0.0000
102338	1.0	0	0	0.0000	0.0000
102339	1.0	0	0	0.0000	0.0000
10234	2.0	5	0	1.0000	2.2833
102340	3.0	6	1	2.0000	0.6667
102341	1.0	0	0	0.0000	0.0000
102342	1.0	0	0	0.0000	0.0000
102343	1.0	0	0	0.0000	0.0000
102344	1.0	0	0	0.0000	0.0000
102345	1.0	0	0	0.0000	0.0000
102346	1.0	0	0	0.0000	0.0000
102347	2.0	4	0	1.1667	1.5139
102348	1.0	0	0	0.0000	0.0000
102349	1.0	0	0	0.0000	0.0000
10235	2.0	1	1	1.0000	1.0000
102350	2.0	0	0	0.0000	0.0000
102351	1.0	0	0	0.0000	0.0000
102352	1.0	0	0	0.0000	0.0000
102353	2.0	1	1	0.2500	0.5208
102354	1.0	0	0	0.0000	0.0000
102355	1.0	0	0	0.0000	0.0000
102356	1.0	0	0	0.0000	0.0000
102357	1.0	0	0	0.0000	0.0000
102358	1.0	0	0	0.0000	0.0000
102359	1.0	0	0	0.0000	0.0000
10236	1.0	3	1	1.0000	0.3333
102360	3.0	5	1	0.8667	0.7233
102361	1.0	0	0	0.0000	0.0000
102362	1.0	0	0	0.0000	0.0000
102363	1.0	0	0	0.0000	0.0000
102364	3.0	2	1	2.0000	2.0000
102365	3.0	0	0	0.0000	0.0000
102366	5.0	0	0	0.0000	0.0000
102367	2.0	1	1	0.2000	0.1567
102368	1.0	0	0	0.0000	0.0000
102369	1.0	0	0	0.0000	0.0000
10237	1.0	0	0	0.0000	0.0000
102370	1.0	3	1	0.6000	0.1200
102371	1.0	0	0	0.0000	0.0000
102372	1.0	2	1	1.0000	0.5000
102373	3.0	0	0	0.0000	0.0000
102374	1.0	6	1	0.2609	0.7133
102375	3.0	22	2	7.7500	13.5208
102376	1.0	0	0	0.0000	0.0000
102377	1.0	7	1	2.3333	4.2778
102378	2.0	0	0	0.0000	0.0000
102379	1.0	0	0	0.0000	0.0000
10238	1.0	1	1	0.2000	0.0900
102380	1.0	3	1	1.0000	0.3333
102381	2.0	3	1	0.2500	0.1633
102382	2.0	1	1	0.3333	0.2778
102383	1.0	0	0	0.0000	0.0000
102384	1.0	2	1	0.5000	0.5417
102385	1.0	0	0	0.0000	0.0000
102386	1.0	0	0	0.0000	0.0000
102387	2.0	0	0	0.0000	0.0000
102388	6.0	9	2	6.7667	6.6401
102389	1.0	1	1	1.0000	1.0000
10239	1.0	0	0	0.0000	0.0000
102390	1.0	0	0	0.0000	0.0000
102391	1.0	7	1	3.5000	1.7500
102392	1.0	0	0	0.0000	0.0000
102393	1.0	0	0	0.0000	0.0000
102394	2.0	0	0	0.0000	0.0000
102395	2.0	5	0	0.8857	0.5584
102396	9.0	4	1	1.8333	2.0278
102397	1.0	6	1	2.0000	3.6667
102398	1.0	2	1	0.5000	0.1250
102399	1.0	0	0	0.0000	0.0000
1024	1.0	0	0	0.0000	0.0000
10240	2.0	2	1	0.6667	1.2222
102400	1.0	2	1	1.0000	0.5000
102401	11.0	7	1	2.8333	2.6528
102402	1.0	0	0	0.0000	0.0000
102403	12.0	3	1	1.0000	0.6667
102404	2.0	1	1	1.0000	1.0000
102405	2.0	0	0	0.0000	0.0000
102406	1.0	2	1	1.0000	1.5000
102407	1.0	0	0	0.0000	0.0000
102408	2.0	10	0	2.5333	2.6511
102409	1.0	0	0	0.0000	0.0000
10241	1.0	0	0	0.0000	0.0000
102410	2.0	1	1	0.3333	0.1111
102411	1.0	0	0	0.0000	0.0000
102412	1.0	0	0	0.0000	0.0000
102413	1.0	0	0	0.0000	0.0000
102414	1.0	0	0	0.0000	0.0000
102415	1.0	0	0	0.0000	0.0000
102416	4.0	1	1	0.1429	0.0204
102417	3.0	0	0	0.0000	0.0000
102418	1.0	0	0	0.0000	0.0000
102419	1.0	0	0	0.0000	0.0000
10242	1.0	0	0	0.0000	0.0000
102420	1.0	0	0	0.0000	0.0000
102421	1.0	1	1	0.3333	0.6111
102422	1.0	0	0	0.0000	0.0000
102423	1.0	0	0	0.0000	0.0000
102424	1.0	0	0	0.0000	0.0000
102425	2.0	3	1	0.2576	0.4584
102426	1.0	0	0	0.0000	0.0000
102427	1.0	1	1	0.3333	0.6111
102428	1.0	0	0	0.0000	0.0000
102429	3.0	1	1	0.1667	0.4083
10243	6.0	6	2	2.3333	0.9444
102430	2.0	0	0	0.0000	0.0000
102431	1.0	2	1	0.3333	0.0556
102432	1.0	2	1	2.0000	2.0000
102433	1.0	0	0	0.0000	0.0000
102434	1.0	0	0	0.0000	0.0000
102435	1.0	8	1	2.6667	0.8889
102436	1.0	0	0	0.0000	0.0000
102437	1.0	0	0	0.0000	0.0000
102438	1.0	0	0	0.0000	0.0000
102439	1.0	0	0	0.0000	0.0000
10244	1.0	0	0	0.0000	0.0000
102440	1.0	0	0	0.0000	0.0000
102441	1.0	4	1	0.8000	0.6267
102442	15.0	105	4	64.0262	75.6695
102443	1.0	2	1	0.4000	0.3133
102444	1.0	0	0	0.0000	0.0000
102445	1.0	5	1	0.2174	0.1968
102446	1.0	0	0	0.0000	0.0000
102447	1.0	0	0	0.0000	0.0000
102448	1.0	3	1	0.7500	0.8125
102449	7.0	12	3	4.9500	3.6775
10245	1.0	0	0	0.0000	0.0000
102450	1.0	1	1	0.3333	0.1111
102451	1.0	0	0	0.0000	0.0000
102452	1.0	2	1	0.3333	0.3167
102453	1.0	0	0	0.0000	0.0000
102454	1.0	0	0	0.0000	0.0000
102455	1.0	0	0	0.0000	0.0000
102456	1.0	0	0	0.0000	0.0000
102457	1.0	0	0	0.0000	0.0000
102458	1.0	0	0	0.0000	0.0000
102459	1.0	0	0	0.0000	0.0000
10246	1.0	0	0	0.0000	0.0000
102460	1.0	0	0	0.0000	0.0000
102461	23.0	60	4	19.2667	19.0756
102462	2.0	4	0	1.0000	1.0833
102463	1.0	8	1	4.0000	2.0000
102464	2.0	0	0	0.0000	0.0000
102465	1.0	0	0	0.0000	0.0000
102466	4.0	4	1	1.4500	0.9275
102467	1.0	0	0	0.0000	0.0000
102468	2.0	11	1	1.6286	0.4607
102469	4.0	5	1	1.4167	1.3681
10247	5.0	3	1	1.5000	0.7500
102470	1.0	0	0	0.0000	0.0000
102471	1.0	3	1	0.4286	0.6827
102472	1.0	10	1	2.5000	0.6250
102473	2.0	0	0	0.0000	0.0000
102474	1.0	0	0	0.0000	0.0000
102475	1.0	0	0	0.0000	0.0000
102476	1.0	0	0	0.0000	0.0000
102477	1.0	5	1	1.0000	1.2833
102478	1.0	0	0	0.0000	0.0000
102479	9.0	4	1	1.0000	0.7083
10248	3.0	6	1	3.0000	4.0000
102480	1.0	1	1	0.5000	0.2500
102481	1.0	0	0	0.0000	0.0000
102482	1.0	6	1	2.0000	0.6667
102483	9.0	28	4	5.0000	6.7361
102484	6.0	27	3	8.8333	13.8611
102485	1.0	0	0	0.0000	0.0000
102486	1.0	0	0	0.0000	0.0000
102487	1.0	7	1	3.5000	1.7500
102488	2.0	0	0	0.0000	0.0000
102489	4.0	0	0	0.0000	0.0000
10249	6.0	9	2	2.7917	5.1036
102490	1.0	14	1	0.6667	0.2625
102491	3.0	0	0	0.0000	0.0000
102492	1.0	0	0	0.0000	0.0000
102493	3.0	0	0	0.0000	0.0000
102494	15.0	46	4	11.5000	23.6667
102495	1.0	0	0	0.0000	0.0000
102496	1.0	0	0	0.0000	0.0000
102497	1.0	0	0	0.0000	0.0000
102498	3.0	10	1	5.0000	7.5000
102499	8.0	9	2	2.6000	4.9950
1025	1.0	0	0	0.0000	0.0000
10250	15.0	7	2	5.5000	4.7500
102500	2.0	0	0	0.0000	0.0000
102501	2.0	11	1	1.5714	1.1935
102502	1.0	1	1	0.2500	0.2708
102503	4.0	0	0	0.0000	0.0000
102504	1.0	0	0	0.0000	0.0000
102505	3.0	1	1	0.3333	0.6111
102506	1.0	0	0	0.0000	0.0000
102507	1.0	1	1	0.1250	0.0156
102508	2.0	0	0	0.0000	0.0000
102509	51.0	0	0	0.0000	0.0000
10251	1.0	0	0	0.0000	0.0000
102510	3.0	9	2	3.3000	5.5767
102511	2.0	0	0	0.0000	0.0000
102512	3.0	2	1	1.0000	0.5000
102513	1.0	1	1	0.5000	0.2500
102514	6.0	2	1	0.5000	0.7917
102515	1.0	2	1	0.6667	1.2222
102516	1.0	0	0	0.0000	0.0000
102517	1.0	0	0	0.0000	0.0000
102518	2.0	0	0	0.0000	0.0000
102519	1.0	0	0	0.0000	0.0000
10252	1.0	0	0	0.0000	0.0000
102520	1.0	0	0	0.0000	0.0000
102521	3.0	0	0	0.0000	0.0000
102522	3.0	0	0	0.0000	0.0000
102523	1.0	0	0	0.0000	0.0000
102524	1.0	0	0	0.0000	0.0000
102525	1.0	0	0	0.0000	0.0000
102526	1.0	11	1	11.0000	11.0000
102527	1.0	0	0	0.0000	0.0000
102528	1.0	0	0	0.0000	0.0000
102529	2.0	1	1	0.1667	0.0278
10253	1.0	0	0	0.0000	0.0000
102530	1.0	0	0	0.0000	0.0000
102531	8.0	114	4	28.6250	40.1043
102532	7.0	18	2	3.8036	6.8483
102533	2.0	3	1	0.6000	0.7700
102534	4.0	2	1	0.6667	0.5556
102535	1.0	0	0	0.0000	0.0000
102536	6.0	2	1	0.3429	0.1985
102537	1.0	0	0	0.0000	0.0000
102538	4.0	0	0	0.0000	0.0000
102539	1.0	0	0	0.0000	0.0000
10254	2.0	41	0	20.5000	30.7500
102540	3.0	0	0	0.0000	0.0000
102541	1.0	10	1	2.5000	5.2083
102542	1.0	2	1	0.1667	0.2116
102543	1.0	0	0	0.0000	0.0000
102544	1.0	0	0	0.0000	0.0000
102545	10.0	1	1	0.3333	0.1111
102546	1.0	0	0	0.0000	0.0000
102547	3.0	0	0	0.0000	0.0000
102548	1.0	0	0	0.0000	0.0000
102549	5.0	2	1	0.6667	0.5556
10255	1.0	1	1	0.5000	0.7500
102550	1.0	0	0	0.0000	0.0000
102551	1.0	0	0	0.0000	0.0000
102552	1.0	0	0	0.0000	0.0000
102553	13.0	58	4	14.4500	4.8386
102554	5.0	2	1	0.6667	0.7222
102555	1.0	0	0	0.0000	0.0000
102556	1.0	0	0	0.0000	0.0000
102557	2.0	0	0	0.0000	0.0000
102558	1.0	0	0	0.0000	0.0000
102559	2.0	0	0	0.0000	0.0000
10256	1.0	0	0	0.0000	0.0000
102560	1.0	1	1	0.0333	0.0035
102561	1.0	0	0	0.0000	0.0000
102562	1.0	0	0	0.0000	0.0000
102563	1.0	0	0	0.0000	0.0000
102564	1.0	1	1	0.2000	0.2567
102565	2.0	1	1	0.2500	0.2708
102566	1.0	0	0	0.0000	0.0000
102567	3.0	2	1	0.6667	0.5556
102568	3.0	0	0	0.0000	0.0000
102569	1.0	0	0	0.0000	0.0000
10257	1.0	6	1	2.0000	3.6667
102570	1.0	0	0	0.0000	0.0000
102571	1.0	0	0	0.0000	0.0000
102572	2.0	0	0	0.0000	0.0000
102573	1.0	0	0	0.0000	0.0000
102574	5.0	24	3	6.0000	4.6250
102575	1.0	1	1	0.3333	0.1111
102576	1.0	0	0	0.0000	0.0000
102577	3.0	13	2	2.8000	6.1933
102578	1.0	0	0	0.0000	0.0000
102579	1.0	0	0	0.0000	0.0000
10258	3.0	5	1	2.3333	3.2778
102580	1.0	0	0	0.0000	0.0000
102581	3.0	0	0	0.0000	0.0000
102582	1.0	0	0	0.0000	0.0000
102583	1.0	0	0	0.0000	0.0000
102584	1.0	0	0	0.0000	0.0000
102585	1.0	0	0	0.0000	0.0000
102586	1.0	6	1	2.0000	0.6667
102587	2.0	0	0	0.0000	0.0000
102588	1.0	2	1	0.2857	0.1456
102589	42.0	246	7	65.9500	85.9505
10259	1.0	0	0	0.0000	0.0000
102590	1.0	0	0	0.0000	0.0000
102591	1.0	0	0	0.0000	0.0000
102592	22.0	74	5	32.5000	27.7917
102593	1.0	6	1	1.5000	1.6250
102594	54.0	309	9	110.6857	109.5687
102595	3.0	0	0	0.0000	0.0000
102596	2.0	2	1	0.5000	0.5417
102597	1.0	1	1	0.5000	0.2500
102598	1.0	0	0	0.0000	0.0000
102599	5.0	1	1	0.2000	0.4567
1026	4.0	11	2	5.5000	3.7500
10260	1.0	0	0	0.0000	0.0000
102600	1.0	0	0	0.0000	0.0000
102601	27.0	167	8	76.2917	59.3953
102602	2.0	5	0	2.5000	1.2500
102603	1.0	2	1	0.6667	0.5556
102604	1.0	0	0	0.0000	0.0000
102605	19.0	19	2	8.7500	8.1875
102606	25.0	97	6	21.1389	9.2800
102607	1.0	0	0	0.0000	0.0000
102608	1.0	0	0	0.0000	0.0000
102609	1.0	0	0	0.0000	0.0000
10261	1.0	0	0	0.0000	0.0000
102610	1.0	0	0	0.0000	0.0000
102611	2.0	6	1	0.7500	2.0384
102612	1.0	1	1	0.2000	0.1567
102613	33.0	348	7	215.3333	183.8444
102614	1.0	0	0	0.0000	0.0000
102615	2.0	0	0	0.0000	0.0000
102616	1.0	0	0	0.0000	0.0000
102617	1.0	0	0	0.0000	0.0000
102618	7.0	8	1	3.3667	4.3956
102619	75.0	1039	12	560.8917	646.3912
10262	1.0	0	0	0.0000	0.0000
102620	1.0	0	0	0.0000	0.0000
102621	2.0	0	0	0.0000	0.0000
102622	1.0	0	0	0.0000	0.0000
102623	1.0	0	0	0.0000	0.0000
102624	1.0	0	0	0.0000	0.0000
102625	6.0	20	1	9.6667	4.7222
102626	1.0	1	1	0.3333	0.6111
102627	1.0	0	0	0.0000	0.0000
102628	1.0	1	1	0.5000	0.7500
102629	1.0	1	1	0.2500	0.1458
10263	1.0	0	0	0.0000	0.0000
102630	3.0	0	0	0.0000	0.0000
102631	1.0	2	1	0.6667	1.2222
102632	3.0	0	0	0.0000	0.0000
102633	1.0	0	0	0.0000	0.0000
102634	11.0	412	4	89.5667	116.9467
102635	2.0	1	1	0.2500	0.1458
102636	2.0	0	0	0.0000	0.0000
102637	1.0	19	1	4.7500	2.7708
102638	1.0	0	0	0.0000	0.0000
102639	3.0	7	1	1.7500	0.4375
10264	3.0	0	0	0.0000	0.0000
102640	2.0	0	0	0.0000	0.0000
102641	1.0	0	0	0.0000	0.0000
102642	1.0	0	0	0.0000	0.0000
102643	1.0	0	0	0.0000	0.0000
102644	1.0	0	0	0.0000	0.0000
102645	15.0	64	4	36.0000	32.1667
102646	3.0	0	0	0.0000	0.0000
102647	15.0	60	5	21.6667	14.0139
102648	2.0	0	0	0.0000	0.0000
102649	1.0	3	1	3.0000	3.0000
10265	1.0	0	0	0.0000	0.0000
102650	1.0	0	0	0.0000	0.0000
102651	1.0	0	0	0.0000	0.0000
102652	1.0	0	0	0.0000	0.0000
102653	1.0	0	0	0.0000	0.0000
102654	2.0	58	0	31.5000	44.7500
102655	1.0	3	1	0.3750	0.6442
102656	1.0	0	0	0.0000	0.0000
102657	2.0	6	0	1.6000	1.3033
102658	1.0	0	0	0.0000	0.0000
102659	5.0	0	0	0.0000	0.0000
10266	1.0	0	0	0.0000	0.0000
102660	1.0	0	0	0.0000	0.0000
102661	1.0	0	0	0.0000	0.0000
102662	1.0	0	0	0.0000	0.0000
102663	1.0	0	0	0.0000	0.0000
102664	1.0	0	0	0.0000	0.0000
102665	2.0	0	0	0.0000	0.0000
102666	1.0	0	0	0.0000	0.0000
102667	2.0	0	0	0.0000	0.0000
102668	1.0	0	0	0.0000	0.0000
102669	1.0	0	0	0.0000	0.0000
10267	1.0	0	0	0.0000	0.0000
102670	2.0	0	0	0.0000	0.0000
102671	1.0	0	0	0.0000	0.0000
102672	1.0	9	1	1.8000	0.8100
102673	1.0	0	0	0.0000	0.0000
102674	3.0	1	1	1.0000	1.0000
102675	1.0	9	1	1.5000	0.9250
102676	1.0	0	0	0.0000	0.0000
102677	3.0	1	1	0.2500	0.5208
102678	1.0	4	1	1.3333	2.4444
102679	1.0	2	1	1.0000	0.5000
10268	2.0	2	1	0.5833	0.1736
102680	1.0	0	0	0.0000	0.0000
102681	12.0	42	4	28.1667	31.1389
102682	10.0	7	1	2.3333	1.7778
102683	1.0	1	1	0.2000	0.4567
102684	1.0	0	0	0.0000	0.0000
102685	6.0	4	2	2.0000	1.0000
102686	1.0	0	0	0.0000	0.0000
102687	1.0	8	1	1.0000	2.7179
102688	1.0	0	0	0.0000	0.0000
102689	2.0	0	0	0.0000	0.0000
10269	1.0	0	0	0.0000	0.0000
102690	1.0	0	0	0.0000	0.0000
102691	1.0	0	0	0.0000	0.0000
102692	3.0	5	2	1.7500	1.3125
102693	1.0	0	0	0.0000	0.0000
102694	1.0	1	1	0.0714	0.0834
102695	2.0	3	1	1.5000	0.7500
102696	1.0	1	1	0.2500	0.0625
102697	1.0	2	1	1.0000	1.5000
